"","IFA","decade","group","dom_habitat","ecogroup"
"1","10019","200",2,3,"hab3_grp2"
"2","10038","198",3,3,"hab3_grp3"
"3","101","196",3,NA,"habNA_grp3"
"4","10127","200",2,3,"hab3_grp2"
"5","10127","198",3,3,"hab3_grp3"
"6","10128","200",2,NA,"habNA_grp2"
"7","102","198",2,NA,"habNA_grp2"
"8","102","197",2,NA,"habNA_grp2"
"9","1026","198",1,8,"hab8_grp1"
"10","1026","196",1,8,"hab8_grp1"
"11","1026","200",1,8,"hab8_grp1"
"12","1026","197",1,8,"hab8_grp1"
"13","10336","198",1,4,"hab4_grp1"
"14","10345","199",3,NA,"habNA_grp3"
"15","10345","200",3,NA,"habNA_grp3"
"16","10349","199",2,3,"hab3_grp2"
"17","10373","199",3,3,"hab3_grp3"
"18","10378","196",2,3,"hab3_grp2"
"19","10378","198",2,3,"hab3_grp2"
"20","10388","197",2,NA,"habNA_grp2"
"21","10388","198",3,NA,"habNA_grp3"
"22","10388","199",2,NA,"habNA_grp2"
"23","1040","200",1,NA,"habNA_grp1"
"24","10467","199",3,NA,"habNA_grp3"
"25","10500","199",3,NA,"habNA_grp3"
"26","10524","200",2,3,"hab3_grp2"
"27","106","196",1,8,"hab8_grp1"
"28","106","200",1,8,"hab8_grp1"
"29","106","198",1,8,"hab8_grp1"
"30","10611","199",3,NA,"habNA_grp3"
"31","10611","196",3,NA,"habNA_grp3"
"32","10696","199",2,3,"hab3_grp2"
"33","10764","196",2,NA,"habNA_grp2"
"34","10764","197",2,NA,"habNA_grp2"
"35","10764","198",3,NA,"habNA_grp3"
"36","10764","200",2,NA,"habNA_grp2"
"37","10865","200",1,3,"hab3_grp1"
"38","10902","196",3,NA,"habNA_grp3"
"39","10902","199",3,NA,"habNA_grp3"
"40","10938","198",3,3,"hab3_grp3"
"41","10938","196",3,3,"hab3_grp3"
"42","10948","198",2,3,"hab3_grp2"
"43","10948","196",2,3,"hab3_grp2"
"44","1097","198",1,8,"hab8_grp1"
"45","11102","201",3,3,"hab3_grp3"
"46","11102","197",3,3,"hab3_grp3"
"47","11102","198",3,3,"hab3_grp3"
"48","11102","196",3,3,"hab3_grp3"
"49","11111","196",3,3,"hab3_grp3"
"50","1124","197",1,8,"hab8_grp1"
"51","1131","200",1,8,"hab8_grp1"
"52","1131","198",1,8,"hab8_grp1"
"53","1131","197",1,8,"hab8_grp1"
"54","1167","200",1,8,"hab8_grp1"
"55","1167","198",1,8,"hab8_grp1"
"56","1178","197",1,8,"hab8_grp1"
"57","1206","200",1,1,"hab1_grp1"
"58","1213","200",1,1,"hab1_grp1"
"59","12171","198",1,7,"hab7_grp1"
"60","12171","200",1,7,"hab7_grp1"
"61","1224","198",1,8,"hab8_grp1"
"62","1228","198",1,NA,"habNA_grp1"
"63","1233","198",1,8,"hab8_grp1"
"64","1233","196",1,8,"hab8_grp1"
"65","1233","200",1,8,"hab8_grp1"
"66","1248","196",1,NA,"habNA_grp1"
"67","125","198",1,1,"hab1_grp1"
"68","126","200",1,4,"hab4_grp1"
"69","126","198",1,4,"hab4_grp1"
"70","1260","197",1,8,"hab8_grp1"
"71","12600","200",1,7,"hab7_grp1"
"72","12631","199",2,3,"hab3_grp2"
"73","12638","196",3,8,"hab8_grp3"
"74","12638","200",2,8,"hab8_grp2"
"75","12638","197",2,8,"hab8_grp2"
"76","12638","199",3,8,"hab8_grp3"
"77","13042","199",2,8,"hab8_grp2"
"78","13070","196",2,8,"hab8_grp2"
"79","13438","199",3,8,"hab8_grp3"
"80","13438","200",2,8,"hab8_grp2"
"81","13488","196",2,8,"hab8_grp2"
"82","13510","197",1,8,"hab8_grp1"
"83","13626","199",2,8,"hab8_grp2"
"84","1368","198",2,NA,"habNA_grp2"
"85","1370","198",3,3,"hab3_grp3"
"86","13793","199",1,8,"hab8_grp1"
"87","1388","199",1,1,"hab1_grp1"
"88","13929","197",1,3,"hab3_grp1"
"89","1399","199",1,1,"hab1_grp1"
"90","143","199",1,1,"hab1_grp1"
"91","144","199",1,1,"hab1_grp1"
"92","1444","196",2,NA,"habNA_grp2"
"93","14445","199",1,8,"hab8_grp1"
"94","14453","200",1,4,"hab4_grp1"
"95","1450","200",2,NA,"habNA_grp2"
"96","1452","196",3,NA,"habNA_grp3"
"97","1452","201",3,NA,"habNA_grp3"
"98","14626","199",3,3,"hab3_grp3"
"99","14629","199",2,NA,"habNA_grp2"
"100","14660","198",1,NA,"habNA_grp1"
"101","14713","200",1,4,"hab4_grp1"
"102","14722","197",1,8,"hab8_grp1"
"103","14725","198",1,7,"hab7_grp1"
"104","14725","199",1,7,"hab7_grp1"
"105","14725","197",1,7,"hab7_grp1"
"106","14733","198",1,NA,"habNA_grp1"
"107","14747","198",1,8,"hab8_grp1"
"108","14761","199",1,8,"hab8_grp1"
"109","14761","198",1,8,"hab8_grp1"
"110","14761","200",1,8,"hab8_grp1"
"111","148","199",1,1,"hab1_grp1"
"112","14866","200",1,4,"hab4_grp1"
"113","14947","198",1,NA,"habNA_grp1"
"114","14947","200",1,NA,"habNA_grp1"
"115","14960","199",1,8,"hab8_grp1"
"116","14960","197",1,8,"hab8_grp1"
"117","14960","198",1,8,"hab8_grp1"
"118","14960","200",1,8,"hab8_grp1"
"119","14990","200",1,4,"hab4_grp1"
"120","1501","198",3,3,"hab3_grp3"
"121","15011","197",1,NA,"habNA_grp1"
"122","15011","198",1,NA,"habNA_grp1"
"123","15019","200",1,NA,"habNA_grp1"
"124","15027","196",1,4,"hab4_grp1"
"125","15039","198",1,8,"hab8_grp1"
"126","15062","198",1,NA,"habNA_grp1"
"127","15062","200",1,NA,"habNA_grp1"
"128","15091","200",1,4,"hab4_grp1"
"129","151","200",1,1,"hab1_grp1"
"130","15101","197",1,NA,"habNA_grp1"
"131","1524","201",3,3,"hab3_grp3"
"132","1546","198",2,NA,"habNA_grp2"
"133","1547","200",1,8,"hab8_grp1"
"134","1547","196",1,8,"hab8_grp1"
"135","1548","198",2,3,"hab3_grp2"
"136","1553","198",2,3,"hab3_grp2"
"137","1553","200",2,3,"hab3_grp2"
"138","1556","198",2,3,"hab3_grp2"
"139","156","199",1,1,"hab1_grp1"
"140","1569","198",2,3,"hab3_grp2"
"141","1575","198",2,3,"hab3_grp2"
"142","1575","197",1,3,"hab3_grp1"
"143","1575","200",2,3,"hab3_grp2"
"144","1575","196",2,3,"hab3_grp2"
"145","1581","196",2,NA,"habNA_grp2"
"146","1581","198",2,NA,"habNA_grp2"
"147","1586","197",2,NA,"habNA_grp2"
"148","15968","199",1,8,"hab8_grp1"
"149","1603","200",1,8,"hab8_grp1"
"150","16031","196",1,8,"hab8_grp1"
"151","16035","198",1,8,"hab8_grp1"
"152","16036","196",1,NA,"habNA_grp1"
"153","16036","200",3,NA,"habNA_grp3"
"154","16036","199",3,NA,"habNA_grp3"
"155","16036","201",3,NA,"habNA_grp3"
"156","16058","198",1,3,"hab3_grp1"
"157","1607","196",2,3,"hab3_grp2"
"158","1607","198",2,3,"hab3_grp2"
"159","16111","198",1,8,"hab8_grp1"
"160","1613","198",2,3,"hab3_grp2"
"161","1613","196",2,3,"hab3_grp2"
"162","16142","200",1,3,"hab3_grp1"
"163","16152","198",1,8,"hab8_grp1"
"164","1629","197",2,3,"hab3_grp2"
"165","1629","200",3,3,"hab3_grp3"
"166","1629","199",3,3,"hab3_grp3"
"167","1629","198",2,3,"hab3_grp2"
"168","1629","201",3,3,"hab3_grp3"
"169","16340","199",1,1,"hab1_grp1"
"170","16639","200",1,8,"hab8_grp1"
"171","16968","198",1,8,"hab8_grp1"
"172","16968","200",1,8,"hab8_grp1"
"173","1699","200",3,3,"hab3_grp3"
"174","1702","196",1,1,"hab1_grp1"
"175","17032","200",1,8,"hab8_grp1"
"176","17044","200",1,8,"hab8_grp1"
"177","1714","196",2,3,"hab3_grp2"
"178","1714","198",2,3,"hab3_grp2"
"179","1726","198",3,3,"hab3_grp3"
"180","1726","196",2,3,"hab3_grp2"
"181","1734","200",2,3,"hab3_grp2"
"182","1748","196",2,3,"hab3_grp2"
"183","1748","198",2,3,"hab3_grp2"
"184","1748","201",3,3,"hab3_grp3"
"185","1748","200",3,3,"hab3_grp3"
"186","17552","196",1,8,"hab8_grp1"
"187","17575","199",1,8,"hab8_grp1"
"188","1766","198",1,3,"hab3_grp1"
"189","1778","200",3,3,"hab3_grp3"
"190","1778","196",2,3,"hab3_grp2"
"191","1778","197",2,3,"hab3_grp2"
"192","1778","198",2,3,"hab3_grp2"
"193","1797","198",2,3,"hab3_grp2"
"194","1811","197",3,NA,"habNA_grp3"
"195","1811","199",3,NA,"habNA_grp3"
"196","1811","200",3,NA,"habNA_grp3"
"197","1811","198",3,NA,"habNA_grp3"
"198","1832","198",2,3,"hab3_grp2"
"199","1832","196",2,3,"hab3_grp2"
"200","1867","198",2,3,"hab3_grp2"
"201","18961","198",3,NA,"habNA_grp3"
"202","18961","200",3,NA,"habNA_grp3"
"203","18961","199",3,NA,"habNA_grp3"
"204","18962","200",3,NA,"habNA_grp3"
"205","18962","198",3,NA,"habNA_grp3"
"206","18978","198",1,NA,"habNA_grp1"
"207","18978","200",1,NA,"habNA_grp1"
"208","18982","197",1,NA,"habNA_grp1"
"209","18982","198",1,NA,"habNA_grp1"
"210","18982","200",1,NA,"habNA_grp1"
"211","18982","199",1,NA,"habNA_grp1"
"212","18989","199",3,NA,"habNA_grp3"
"213","18989","200",3,NA,"habNA_grp3"
"214","19","196",3,NA,"habNA_grp3"
"215","19003","200",3,NA,"habNA_grp3"
"216","19003","198",1,NA,"habNA_grp1"
"217","19003","199",1,NA,"habNA_grp1"
"218","19006","199",1,NA,"habNA_grp1"
"219","19006","200",1,NA,"habNA_grp1"
"220","19013","200",1,8,"hab8_grp1"
"221","19013","198",1,8,"hab8_grp1"
"222","19014","198",1,NA,"habNA_grp1"
"223","19021","198",1,NA,"habNA_grp1"
"224","19022","197",1,NA,"habNA_grp1"
"225","19022","198",1,NA,"habNA_grp1"
"226","19022","199",1,NA,"habNA_grp1"
"227","19022","200",1,NA,"habNA_grp1"
"228","19030","198",1,NA,"habNA_grp1"
"229","19034","198",1,8,"hab8_grp1"
"230","19034","199",1,8,"hab8_grp1"
"231","19034","200",1,8,"hab8_grp1"
"232","19034","197",1,8,"hab8_grp1"
"233","19039","198",1,NA,"habNA_grp1"
"234","19195","200",1,5,"hab5_grp1"
"235","1920","196",2,NA,"habNA_grp2"
"236","1920","200",3,NA,"habNA_grp3"
"237","19269","200",1,7,"hab7_grp1"
"238","1933","196",2,NA,"habNA_grp2"
"239","1945","198",1,3,"hab3_grp1"
"240","19657","200",1,7,"hab7_grp1"
"241","19660","200",1,7,"hab7_grp1"
"242","19663","200",2,8,"hab8_grp2"
"243","19708","200",1,7,"hab7_grp1"
"244","19716","200",1,7,"hab7_grp1"
"245","19738","196",1,7,"hab7_grp1"
"246","19741","200",1,7,"hab7_grp1"
"247","19782","196",1,7,"hab7_grp1"
"248","19782","199",1,7,"hab7_grp1"
"249","19782","200",1,7,"hab7_grp1"
"250","19875","198",1,5,"hab5_grp1"
"251","19904","200",1,NA,"habNA_grp1"
"252","19912","200",1,7,"hab7_grp1"
"253","19912","196",1,7,"hab7_grp1"
"254","19939","200",1,7,"hab7_grp1"
"255","19939","198",1,7,"hab7_grp1"
"256","19939","199",1,7,"hab7_grp1"
"257","19939","196",1,7,"hab7_grp1"
"258","19948","200",1,7,"hab7_grp1"
"259","19971","196",1,7,"hab7_grp1"
"260","19975","196",1,NA,"habNA_grp1"
"261","19979","196",1,7,"hab7_grp1"
"262","19989","200",1,7,"hab7_grp1"
"263","19989","197",1,7,"hab7_grp1"
"264","19989","196",1,7,"hab7_grp1"
"265","2","196",3,NA,"habNA_grp3"
"266","2","197",2,NA,"habNA_grp2"
"267","2","199",3,NA,"habNA_grp3"
"268","20015","196",1,NA,"habNA_grp1"
"269","20015","200",1,NA,"habNA_grp1"
"270","20023","200",1,8,"hab8_grp1"
"271","20023","199",1,8,"hab8_grp1"
"272","20023","196",1,8,"hab8_grp1"
"273","20033","196",1,NA,"habNA_grp1"
"274","20038","200",1,2,"hab2_grp1"
"275","20046","196",1,7,"hab7_grp1"
"276","20065","200",1,2,"hab2_grp1"
"277","20070","201",3,7,"hab7_grp3"
"278","20070","198",1,7,"hab7_grp1"
"279","20070","196",1,7,"hab7_grp1"
"280","20070","199",1,7,"hab7_grp1"
"281","20070","200",1,7,"hab7_grp1"
"282","20085","199",1,5,"hab5_grp1"
"283","20085","200",1,5,"hab5_grp1"
"284","20092","196",1,7,"hab7_grp1"
"285","2010","198",2,NA,"habNA_grp2"
"286","2010","200",1,NA,"habNA_grp1"
"287","20101","200",1,8,"hab8_grp1"
"288","20101","199",1,8,"hab8_grp1"
"289","20101","197",1,8,"hab8_grp1"
"290","20111","196",1,7,"hab7_grp1"
"291","20111","199",1,7,"hab7_grp1"
"292","20111","198",1,7,"hab7_grp1"
"293","20118","198",1,7,"hab7_grp1"
"294","20118","199",1,7,"hab7_grp1"
"295","20118","196",1,7,"hab7_grp1"
"296","20128","199",1,7,"hab7_grp1"
"297","20131","199",1,7,"hab7_grp1"
"298","20134","196",1,7,"hab7_grp1"
"299","20134","199",1,7,"hab7_grp1"
"300","20160","199",1,7,"hab7_grp1"
"301","20169","199",1,8,"hab8_grp1"
"302","20169","200",1,8,"hab8_grp1"
"303","20186","199",1,NA,"habNA_grp1"
"304","20197","199",1,NA,"habNA_grp1"
"305","20197","201",3,NA,"habNA_grp3"
"306","20197","200",3,NA,"habNA_grp3"
"307","20211","198",1,NA,"habNA_grp1"
"308","20263","196",1,7,"hab7_grp1"
"309","20309","198",1,7,"hab7_grp1"
"310","20338","198",1,NA,"habNA_grp1"
"311","20342","199",1,8,"hab8_grp1"
"312","20342","200",1,8,"hab8_grp1"
"313","20342","198",1,8,"hab8_grp1"
"314","2035","198",2,3,"hab3_grp2"
"315","20379","199",1,7,"hab7_grp1"
"316","20379","198",1,7,"hab7_grp1"
"317","20392","200",1,7,"hab7_grp1"
"318","20392","199",1,7,"hab7_grp1"
"319","20392","198",1,7,"hab7_grp1"
"320","20393","198",1,7,"hab7_grp1"
"321","20393","199",1,7,"hab7_grp1"
"322","20395","199",1,7,"hab7_grp1"
"323","20395","198",1,7,"hab7_grp1"
"324","20396","199",1,7,"hab7_grp1"
"325","20396","198",1,7,"hab7_grp1"
"326","20398","198",1,NA,"habNA_grp1"
"327","20404","198",1,8,"hab8_grp1"
"328","20416","198",1,7,"hab7_grp1"
"329","20416","200",1,7,"hab7_grp1"
"330","20416","199",1,7,"hab7_grp1"
"331","20419","199",1,8,"hab8_grp1"
"332","20419","198",1,8,"hab8_grp1"
"333","20432","198",1,7,"hab7_grp1"
"334","20433","200",1,7,"hab7_grp1"
"335","20433","199",1,7,"hab7_grp1"
"336","20433","198",1,7,"hab7_grp1"
"337","20492","200",1,7,"hab7_grp1"
"338","20514","200",1,2,"hab2_grp1"
"339","20525","199",1,7,"hab7_grp1"
"340","20525","200",1,7,"hab7_grp1"
"341","20525","198",1,7,"hab7_grp1"
"342","20541","198",1,7,"hab7_grp1"
"343","2056","201",3,NA,"habNA_grp3"
"344","20623","198",1,7,"hab7_grp1"
"345","20623","199",1,7,"hab7_grp1"
"346","20654","198",1,7,"hab7_grp1"
"347","20654","199",1,7,"hab7_grp1"
"348","20659","198",1,7,"hab7_grp1"
"349","20659","199",1,7,"hab7_grp1"
"350","20906","198",1,7,"hab7_grp1"
"351","20906","199",1,7,"hab7_grp1"
"352","2092","198",2,3,"hab3_grp2"
"353","20975","198",1,8,"hab8_grp1"
"354","20975","199",1,8,"hab8_grp1"
"355","21022","198",1,8,"hab8_grp1"
"356","21033","198",1,8,"hab8_grp1"
"357","21072","199",1,8,"hab8_grp1"
"358","2124","199",1,NA,"habNA_grp1"
"359","21245","199",1,7,"hab7_grp1"
"360","21245","198",1,7,"hab7_grp1"
"361","2130","196",2,3,"hab3_grp2"
"362","21332","199",1,7,"hab7_grp1"
"363","21462","196",1,7,"hab7_grp1"
"364","21462","198",1,7,"hab7_grp1"
"365","21462","199",1,7,"hab7_grp1"
"366","2153","200",3,3,"hab3_grp3"
"367","2153","196",2,3,"hab3_grp2"
"368","2154","198",2,3,"hab3_grp2"
"369","21615","200",1,7,"hab7_grp1"
"370","21615","201",1,7,"hab7_grp1"
"371","21615","198",1,7,"hab7_grp1"
"372","21615","199",1,7,"hab7_grp1"
"373","21615","196",1,7,"hab7_grp1"
"374","21705","200",1,7,"hab7_grp1"
"375","21705","198",1,7,"hab7_grp1"
"376","21705","199",1,7,"hab7_grp1"
"377","21709","200",1,2,"hab2_grp1"
"378","21830","200",1,8,"hab8_grp1"
"379","21830","196",1,8,"hab8_grp1"
"380","2190","196",2,NA,"habNA_grp2"
"381","21924","196",1,7,"hab7_grp1"
"382","21924","200",1,7,"hab7_grp1"
"383","2198","201",2,NA,"habNA_grp2"
"384","21997","200",1,7,"hab7_grp1"
"385","21999","196",1,8,"hab8_grp1"
"386","22","197",2,NA,"habNA_grp2"
"387","2213","196",2,NA,"habNA_grp2"
"388","2218","201",3,NA,"habNA_grp3"
"389","2225","198",3,NA,"habNA_grp3"
"390","2225","200",2,NA,"habNA_grp2"
"391","2254","196",2,3,"hab3_grp2"
"392","2286","196",2,NA,"habNA_grp2"
"393","22929","196",1,NA,"habNA_grp1"
"394","23","196",3,NA,"habNA_grp3"
"395","23079","198",1,2,"hab2_grp1"
"396","23105","196",1,NA,"habNA_grp1"
"397","232","198",1,1,"hab1_grp1"
"398","23306","201",3,NA,"habNA_grp3"
"399","23428","196",1,7,"hab7_grp1"
"400","23428","200",1,7,"hab7_grp1"
"401","2372","198",1,3,"hab3_grp1"
"402","24","197",2,NA,"habNA_grp2"
"403","2400","198",2,3,"hab3_grp2"
"404","2436","198",2,3,"hab3_grp2"
"405","24550","198",1,8,"hab8_grp1"
"406","24619","201",3,NA,"habNA_grp3"
"407","24619","196",1,NA,"habNA_grp1"
"408","24619","200",3,NA,"habNA_grp3"
"409","2465","198",2,3,"hab3_grp2"
"410","2472","198",3,NA,"habNA_grp3"
"411","2472","200",2,NA,"habNA_grp2"
"412","2492","198",3,NA,"habNA_grp3"
"413","2492","200",2,NA,"habNA_grp2"
"414","2514","198",2,3,"hab3_grp2"
"415","2560","197",2,3,"hab3_grp2"
"416","2560","196",2,3,"hab3_grp2"
"417","2574","200",2,3,"hab3_grp2"
"418","2574","198",2,3,"hab3_grp2"
"419","2574","201",3,3,"hab3_grp3"
"420","2575","196",2,3,"hab3_grp2"
"421","2579","196",2,3,"hab3_grp2"
"422","2614","198",2,NA,"habNA_grp2"
"423","2614","199",3,NA,"habNA_grp3"
"424","2614","200",2,NA,"habNA_grp2"
"425","2616","199",3,NA,"habNA_grp3"
"426","2616","201",2,NA,"habNA_grp2"
"427","2616","200",3,NA,"habNA_grp3"
"428","2655","198",2,3,"hab3_grp2"
"429","2655","199",2,3,"hab3_grp2"
"430","2655","200",2,3,"hab3_grp2"
"431","2655","196",2,3,"hab3_grp2"
"432","2679","200",2,3,"hab3_grp2"
"433","2679","198",2,3,"hab3_grp2"
"434","2679","201",2,3,"hab3_grp2"
"435","2679","199",3,3,"hab3_grp3"
"436","2679","196",3,3,"hab3_grp3"
"437","2687","196",3,NA,"habNA_grp3"
"438","2687","198",2,NA,"habNA_grp2"
"439","2687","200",2,NA,"habNA_grp2"
"440","2692","196",2,3,"hab3_grp2"
"441","2692","198",2,3,"hab3_grp2"
"442","2692","199",2,3,"hab3_grp2"
"443","2692","200",2,3,"hab3_grp2"
"444","2700","196",3,NA,"habNA_grp3"
"445","2728","196",2,3,"hab3_grp2"
"446","2785","199",2,NA,"habNA_grp2"
"447","280","199",1,6,"hab6_grp1"
"448","3011","196",2,3,"hab3_grp2"
"449","3221","200",2,3,"hab3_grp2"
"450","3241","199",3,NA,"habNA_grp3"
"451","3247","199",3,3,"hab3_grp3"
"452","3247","201",3,3,"hab3_grp3"
"453","3261","201",3,3,"hab3_grp3"
"454","3261","199",3,3,"hab3_grp3"
"455","33","196",2,NA,"habNA_grp2"
"456","3301","201",3,NA,"habNA_grp3"
"457","3301","199",3,NA,"habNA_grp3"
"458","3318","196",3,NA,"habNA_grp3"
"459","3321","201",3,NA,"habNA_grp3"
"460","3321","199",3,NA,"habNA_grp3"
"461","3345","198",3,NA,"habNA_grp3"
"462","3378","200",2,NA,"habNA_grp2"
"463","34","197",2,NA,"habNA_grp2"
"464","3402","199",1,NA,"habNA_grp1"
"465","3422","198",1,NA,"habNA_grp1"
"466","3491","196",2,NA,"habNA_grp2"
"467","3492","197",2,NA,"habNA_grp2"
"468","35","198",2,NA,"habNA_grp2"
"469","36","196",2,NA,"habNA_grp2"
"470","36","198",3,NA,"habNA_grp3"
"471","36","199",2,NA,"habNA_grp2"
"472","3605","198",3,NA,"habNA_grp3"
"473","3614","198",2,3,"hab3_grp2"
"474","3695","198",2,3,"hab3_grp2"
"475","3714","196",3,NA,"habNA_grp3"
"476","3721","198",2,3,"hab3_grp2"
"477","3763","198",2,NA,"habNA_grp2"
"478","3767","198",2,3,"hab3_grp2"
"479","3767","200",2,3,"hab3_grp2"
"480","3785","198",2,NA,"habNA_grp2"
"481","3803","198",3,3,"hab3_grp3"
"482","3814","198",2,NA,"habNA_grp2"
"483","3823","198",2,3,"hab3_grp2"
"484","3824","198",3,NA,"habNA_grp3"
"485","3852","198",2,NA,"habNA_grp2"
"486","3852","200",2,NA,"habNA_grp2"
"487","3888","198",2,3,"hab3_grp2"
"488","3893","198",3,NA,"habNA_grp3"
"489","3905","198",2,NA,"habNA_grp2"
"490","3919","198",2,3,"hab3_grp2"
"491","3983","198",2,NA,"habNA_grp2"
"492","4002","198",2,3,"hab3_grp2"
"493","4065","196",2,NA,"habNA_grp2"
"494","4065","198",3,NA,"habNA_grp3"
"495","4065","200",2,NA,"habNA_grp2"
"496","4081","200",3,3,"hab3_grp3"
"497","4081","201",2,3,"hab3_grp2"
"498","4102","200",2,3,"hab3_grp2"
"499","4108","198",3,NA,"habNA_grp3"
"500","4108","200",2,NA,"habNA_grp2"
"501","4138","200",2,3,"hab3_grp2"
"502","4138","199",2,3,"hab3_grp2"
"503","4140","196",3,NA,"habNA_grp3"
"504","4148","196",2,3,"hab3_grp2"
"505","4287","199",1,7,"hab7_grp1"
"506","4322","199",1,8,"hab8_grp1"
"507","4326","200",2,NA,"habNA_grp2"
"508","4351","196",3,NA,"habNA_grp3"
"509","4496","197",1,8,"hab8_grp1"
"510","4707","196",2,3,"hab3_grp2"
"511","4707","200",2,3,"hab3_grp2"
"512","4707","198",2,3,"hab3_grp2"
"513","4745","197",1,NA,"habNA_grp1"
"514","4767","198",3,NA,"habNA_grp3"
"515","4777","197",2,NA,"habNA_grp2"
"516","4834","196",2,NA,"habNA_grp2"
"517","4891","196",3,NA,"habNA_grp3"
"518","4891","198",3,NA,"habNA_grp3"
"519","4891","201",3,NA,"habNA_grp3"
"520","4891","199",3,NA,"habNA_grp3"
"521","4891","200",3,NA,"habNA_grp3"
"522","4986","196",3,NA,"habNA_grp3"
"523","5006","196",2,NA,"habNA_grp2"
"524","5006","198",2,NA,"habNA_grp2"
"525","5006","197",2,NA,"habNA_grp2"
"526","5011","196",3,NA,"habNA_grp3"
"527","5020","197",1,8,"hab8_grp1"
"528","5029","197",3,NA,"habNA_grp3"
"529","5029","196",3,NA,"habNA_grp3"
"530","5029","198",3,NA,"habNA_grp3"
"531","5029","201",3,NA,"habNA_grp3"
"532","5029","200",3,NA,"habNA_grp3"
"533","5029","199",3,NA,"habNA_grp3"
"534","5045","196",3,NA,"habNA_grp3"
"535","5075","197",2,3,"hab3_grp2"
"536","5075","196",3,3,"hab3_grp3"
"537","5079","198",1,8,"hab8_grp1"
"538","5089","196",2,NA,"habNA_grp2"
"539","5138","200",3,8,"hab8_grp3"
"540","5138","199",3,8,"hab8_grp3"
"541","5143","200",2,NA,"habNA_grp2"
"542","5143","198",3,NA,"habNA_grp3"
"543","5158","197",1,8,"hab8_grp1"
"544","5158","200",1,8,"hab8_grp1"
"545","5275","196",2,NA,"habNA_grp2"
"546","5275","199",2,NA,"habNA_grp2"
"547","5275","197",2,NA,"habNA_grp2"
"548","5275","200",2,NA,"habNA_grp2"
"549","5309","196",2,NA,"habNA_grp2"
"550","5309","197",2,NA,"habNA_grp2"
"551","5316","200",2,3,"hab3_grp2"
"552","5316","196",2,3,"hab3_grp2"
"553","5316","199",2,3,"hab3_grp2"
"554","5316","198",3,3,"hab3_grp3"
"555","5325","197",2,3,"hab3_grp2"
"556","5347","201",3,NA,"habNA_grp3"
"557","5359","196",1,3,"hab3_grp1"
"558","5375","200",1,3,"hab3_grp1"
"559","5383","197",2,NA,"habNA_grp2"
"560","5383","196",2,NA,"habNA_grp2"
"561","5383","198",2,NA,"habNA_grp2"
"562","5386","198",3,NA,"habNA_grp3"
"563","5386","201",3,NA,"habNA_grp3"
"564","5388","198",3,NA,"habNA_grp3"
"565","5388","196",3,NA,"habNA_grp3"
"566","54","196",2,NA,"habNA_grp2"
"567","5456","197",1,8,"hab8_grp1"
"568","5466","198",3,NA,"habNA_grp3"
"569","5531","200",2,3,"hab3_grp2"
"570","5543","198",3,NA,"habNA_grp3"
"571","5559","198",3,NA,"habNA_grp3"
"572","5596","198",3,NA,"habNA_grp3"
"573","56","196",2,NA,"habNA_grp2"
"574","56","197",2,NA,"habNA_grp2"
"575","5606","200",2,NA,"habNA_grp2"
"576","5653","200",2,3,"hab3_grp2"
"577","5669","200",2,NA,"habNA_grp2"
"578","5781","197",1,7,"hab7_grp1"
"579","5797","197",3,NA,"habNA_grp3"
"580","5797","200",3,NA,"habNA_grp3"
"581","58","196",2,NA,"habNA_grp2"
"582","58","198",3,NA,"habNA_grp3"
"583","6011","197",1,8,"hab8_grp1"
"584","6011","198",1,8,"hab8_grp1"
"585","6011","199",1,8,"hab8_grp1"
"586","6139","200",1,NA,"habNA_grp1"
"587","62","198",3,NA,"habNA_grp3"
"588","64","196",2,NA,"habNA_grp2"
"589","64","197",2,NA,"habNA_grp2"
"590","6592","200",1,1,"hab1_grp1"
"591","67","198",2,NA,"habNA_grp2"
"592","7","197",2,NA,"habNA_grp2"
"593","7015","198",1,8,"hab8_grp1"
"594","7031","198",1,8,"hab8_grp1"
"595","7062","197",2,3,"hab3_grp2"
"596","7097","198",3,NA,"habNA_grp3"
"597","7111","198",1,8,"hab8_grp1"
"598","736","197",2,NA,"habNA_grp2"
"599","7455","198",1,8,"hab8_grp1"
"600","747","197",2,NA,"habNA_grp2"
"601","756","197",2,NA,"habNA_grp2"
"602","76","198",3,NA,"habNA_grp3"
"603","76","197",2,NA,"habNA_grp2"
"604","760","197",2,NA,"habNA_grp2"
"605","761","197",2,NA,"habNA_grp2"
"606","765","196",3,NA,"habNA_grp3"
"607","765","197",2,NA,"habNA_grp2"
"608","7692","198",1,8,"hab8_grp1"
"609","77","196",3,NA,"habNA_grp3"
"610","77","198",2,NA,"habNA_grp2"
"611","77","197",2,NA,"habNA_grp2"
"612","786","197",3,NA,"habNA_grp3"
"613","805","197",2,NA,"habNA_grp2"
"614","808","196",3,NA,"habNA_grp3"
"615","808","197",2,NA,"habNA_grp2"
"616","816","201",2,NA,"habNA_grp2"
"617","821","197",2,NA,"habNA_grp2"
"618","825","197",2,NA,"habNA_grp2"
"619","826","196",1,6,"hab6_grp1"
"620","83","196",2,NA,"habNA_grp2"
"621","83","198",2,NA,"habNA_grp2"
"622","83","197",2,NA,"habNA_grp2"
"623","83","200",2,NA,"habNA_grp2"
"624","84","196",2,NA,"habNA_grp2"
"625","84","198",3,NA,"habNA_grp3"
"626","84","197",2,NA,"habNA_grp2"
"627","8449","196",2,NA,"habNA_grp2"
"628","846","199",1,4,"hab4_grp1"
"629","846","200",1,4,"hab4_grp1"
"630","8574","197",1,8,"hab8_grp1"
"631","8574","199",1,8,"hab8_grp1"
"632","8574","198",1,8,"hab8_grp1"
"633","8605","196",2,3,"hab3_grp2"
"634","8803","197",2,NA,"habNA_grp2"
"635","8826","197",1,8,"hab8_grp1"
"636","8826","200",1,8,"hab8_grp1"
"637","8826","198",3,8,"hab8_grp3"
"638","883","196",3,NA,"habNA_grp3"
"639","883","197",2,NA,"habNA_grp2"
"640","90","196",2,NA,"habNA_grp2"
"641","90","197",2,NA,"habNA_grp2"
"642","90","199",2,NA,"habNA_grp2"
"643","90","201",1,NA,"habNA_grp1"
"644","90","198",2,NA,"habNA_grp2"
"645","90","200",2,NA,"habNA_grp2"
"646","9083","198",1,8,"hab8_grp1"
"647","910","200",1,8,"hab8_grp1"
"648","924","196",1,NA,"habNA_grp1"
"649","924","197",1,NA,"habNA_grp1"
"650","924","200",1,NA,"habNA_grp1"
"651","93","196",2,NA,"habNA_grp2"
"652","93","197",2,NA,"habNA_grp2"
"653","9358","200",2,3,"hab3_grp2"
"654","943","197",2,NA,"habNA_grp2"
"655","945","197",1,NA,"habNA_grp1"
"656","9474","198",3,3,"hab3_grp3"
"657","9474","200",2,3,"hab3_grp2"
"658","9474","197",2,3,"hab3_grp2"
"659","9474","196",2,3,"hab3_grp2"
"660","9497","198",1,4,"hab4_grp1"
"661","95","197",2,NA,"habNA_grp2"
"662","952","200",1,8,"hab8_grp1"
"663","953","199",1,1,"hab1_grp1"
"664","958","197",2,NA,"habNA_grp2"
"665","9584","198",3,3,"hab3_grp3"
"666","9584","200",2,3,"hab3_grp2"
"667","9617","198",3,3,"hab3_grp3"
"668","9617","200",2,3,"hab3_grp2"
"669","9676","200",2,3,"hab3_grp2"
"670","97","196",2,NA,"habNA_grp2"
"671","97","197",2,NA,"habNA_grp2"
"672","97","198",2,NA,"habNA_grp2"
"673","981","197",1,8,"hab8_grp1"
"674","9822","196",2,NA,"habNA_grp2"
"675","9822","200",1,NA,"habNA_grp1"
"676","9856","198",3,NA,"habNA_grp3"
"677","9920","197",1,NA,"habNA_grp1"
"678","9948","196",2,3,"hab3_grp2"
"679","995","199",1,1,"hab1_grp1"
"680","9966","198",3,3,"hab3_grp3"
"681","9984","198",2,NA,"habNA_grp2"
