"","IFA","group","dom_habitat","ecogroup"
"1","1",2,NA,"habNA_grp2"
"2","100",2,NA,"habNA_grp2"
"3","10000",2,3,"hab3_grp2"
"4","10019",2,3,"hab3_grp2"
"5","10038",3,3,"hab3_grp3"
"6","1005",1,8,"hab8_grp1"
"7","10059",2,3,"hab3_grp2"
"8","10067",1,4,"hab4_grp1"
"9","10068",3,3,"hab3_grp3"
"10","101",3,NA,"habNA_grp3"
"11","1011",1,6,"hab6_grp1"
"12","1012",1,NA,"habNA_grp1"
"13","10127",2,3,"hab3_grp2"
"14","10128",2,NA,"habNA_grp2"
"15","10139",1,4,"hab4_grp1"
"16","1014",1,8,"hab8_grp1"
"17","10163",1,4,"hab4_grp1"
"18","10177",2,1,"hab1_grp2"
"19","102",2,NA,"habNA_grp2"
"20","1026",1,8,"hab8_grp1"
"21","10267",3,NA,"habNA_grp3"
"22","10281",1,1,"hab1_grp1"
"23","10300",1,6,"hab6_grp1"
"24","10303",1,4,"hab4_grp1"
"25","10336",1,4,"hab4_grp1"
"26","10345",3,NA,"habNA_grp3"
"27","10349",2,3,"hab3_grp2"
"28","10373",3,3,"hab3_grp3"
"29","10378",2,3,"hab3_grp2"
"30","10388",2,NA,"habNA_grp2"
"31","104",2,NA,"habNA_grp2"
"32","1040",1,NA,"habNA_grp1"
"33","10405",2,6,"hab6_grp2"
"34","10446",1,1,"hab1_grp1"
"35","10467",3,NA,"habNA_grp3"
"36","10500",3,NA,"habNA_grp3"
"37","10524",2,3,"hab3_grp2"
"38","10574",1,1,"hab1_grp1"
"39","10587",1,1,"hab1_grp1"
"40","106",1,8,"hab8_grp1"
"41","10611",3,NA,"habNA_grp3"
"42","1062",1,NA,"habNA_grp1"
"43","10635",1,4,"hab4_grp1"
"44","10655",1,1,"hab1_grp1"
"45","10696",2,3,"hab3_grp2"
"46","10764",2,NA,"habNA_grp2"
"47","1081",1,NA,"habNA_grp1"
"48","10816",2,3,"hab3_grp2"
"49","10833",2,3,"hab3_grp2"
"50","1085",1,NA,"habNA_grp1"
"51","10865",2,3,"hab3_grp2"
"52","10902",3,NA,"habNA_grp3"
"53","10938",3,3,"hab3_grp3"
"54","10948",2,3,"hab3_grp2"
"55","1097",1,8,"hab8_grp1"
"56","11",2,NA,"habNA_grp2"
"57","11018",1,1,"hab1_grp1"
"58","11095",2,1,"hab1_grp2"
"59","11102",3,3,"hab3_grp3"
"60","11111",3,3,"hab3_grp3"
"61","1113",1,8,"hab8_grp1"
"62","11148",1,1,"hab1_grp1"
"63","1115",1,NA,"habNA_grp1"
"64","1116",1,8,"hab8_grp1"
"65","1124",1,8,"hab8_grp1"
"66","1131",1,8,"hab8_grp1"
"67","1137",1,NA,"habNA_grp1"
"68","11372",1,5,"hab5_grp1"
"69","11660",3,NA,"habNA_grp3"
"70","1167",1,8,"hab8_grp1"
"71","11675",1,1,"hab1_grp1"
"72","1172",1,4,"hab4_grp1"
"73","1178",1,8,"hab8_grp1"
"74","1181",1,8,"hab8_grp1"
"75","11834",1,3,"hab3_grp1"
"76","11934",2,3,"hab3_grp2"
"77","1200",1,NA,"habNA_grp1"
"78","12016",2,3,"hab3_grp2"
"79","1204",1,NA,"habNA_grp1"
"80","1206",1,1,"hab1_grp1"
"81","12066",1,3,"hab3_grp1"
"82","12080",1,7,"hab7_grp1"
"83","12119",3,NA,"habNA_grp3"
"84","12127",1,1,"hab1_grp1"
"85","1213",1,1,"hab1_grp1"
"86","12134",3,7,"hab7_grp3"
"87","12171",1,7,"hab7_grp1"
"88","1219",1,8,"hab8_grp1"
"89","1222",1,8,"hab8_grp1"
"90","12237",1,8,"hab8_grp1"
"91","1224",1,8,"hab8_grp1"
"92","12248",1,7,"hab7_grp1"
"93","1228",1,NA,"habNA_grp1"
"94","123",3,1,"hab1_grp3"
"95","1232",1,NA,"habNA_grp1"
"96","12327",1,8,"hab8_grp1"
"97","1233",1,8,"hab8_grp1"
"98","1236",1,NA,"habNA_grp1"
"99","12441",1,8,"hab8_grp1"
"100","1248",1,NA,"habNA_grp1"
"101","12494",2,8,"hab8_grp2"
"102","125",1,1,"hab1_grp1"
"103","12517",1,8,"hab8_grp1"
"104","1253",1,8,"hab8_grp1"
"105","12544",1,8,"hab8_grp1"
"106","1259",3,NA,"habNA_grp3"
"107","126",1,4,"hab4_grp1"
"108","1260",1,8,"hab8_grp1"
"109","12600",1,7,"hab7_grp1"
"110","12615",1,7,"hab7_grp1"
"111","12631",2,3,"hab3_grp2"
"112","12638",2,8,"hab8_grp2"
"113","12644",1,3,"hab3_grp1"
"114","1266",1,NA,"habNA_grp1"
"115","12661",1,8,"hab8_grp1"
"116","1269",1,NA,"habNA_grp1"
"117","12712",1,3,"hab3_grp1"
"118","1274",1,NA,"habNA_grp1"
"119","1275",1,4,"hab4_grp1"
"120","12779",1,8,"hab8_grp1"
"121","128",3,4,"hab4_grp3"
"122","12809",2,8,"hab8_grp2"
"123","1286",1,NA,"habNA_grp1"
"124","12869",2,8,"hab8_grp2"
"125","1291",1,NA,"habNA_grp1"
"126","1293",1,NA,"habNA_grp1"
"127","12952",2,3,"hab3_grp2"
"128","1299",1,8,"hab8_grp1"
"129","13",2,NA,"habNA_grp2"
"130","13042",2,8,"hab8_grp2"
"131","1305",1,NA,"habNA_grp1"
"132","1307",3,NA,"habNA_grp3"
"133","13070",2,8,"hab8_grp2"
"134","1313",3,NA,"habNA_grp3"
"135","13198",2,8,"hab8_grp2"
"136","13210",1,3,"hab3_grp1"
"137","1327",3,NA,"habNA_grp3"
"138","13307",2,8,"hab8_grp2"
"139","1334",3,1,"hab1_grp3"
"140","13359",1,8,"hab8_grp1"
"141","13372",2,8,"hab8_grp2"
"142","1341",1,NA,"habNA_grp1"
"143","13438",3,8,"hab8_grp3"
"144","1346",3,3,"hab3_grp3"
"145","13485",2,8,"hab8_grp2"
"146","13488",2,8,"hab8_grp2"
"147","13503",1,8,"hab8_grp1"
"148","13510",1,8,"hab8_grp1"
"149","1354",2,NA,"habNA_grp2"
"150","13549",1,8,"hab8_grp1"
"151","13554",2,8,"hab8_grp2"
"152","1359",2,NA,"habNA_grp2"
"153","13626",2,8,"hab8_grp2"
"154","1367",2,NA,"habNA_grp2"
"155","13672",1,8,"hab8_grp1"
"156","1368",2,NA,"habNA_grp2"
"157","1370",3,3,"hab3_grp3"
"158","1371",2,NA,"habNA_grp2"
"159","1373",2,NA,"habNA_grp2"
"160","13747",1,3,"hab3_grp1"
"161","13773",1,3,"hab3_grp1"
"162","1379",1,3,"hab3_grp1"
"163","13793",1,8,"hab8_grp1"
"164","1380",2,NA,"habNA_grp2"
"165","1386",1,3,"hab3_grp1"
"166","1388",1,1,"hab1_grp1"
"167","13897",1,3,"hab3_grp1"
"168","13912",1,5,"hab5_grp1"
"169","13929",1,3,"hab3_grp1"
"170","13939",1,3,"hab3_grp1"
"171","1394",1,NA,"habNA_grp1"
"172","1399",1,1,"hab1_grp1"
"173","1401",1,NA,"habNA_grp1"
"174","14032",3,3,"hab3_grp3"
"175","14047",2,3,"hab3_grp2"
"176","1406",1,1,"hab1_grp1"
"177","14091",2,8,"hab8_grp2"
"178","141",1,1,"hab1_grp1"
"179","1410",2,NA,"habNA_grp2"
"180","14117",2,8,"hab8_grp2"
"181","14145",1,7,"hab7_grp1"
"182","14169",2,8,"hab8_grp2"
"183","1419",2,NA,"habNA_grp2"
"184","1422",3,NA,"habNA_grp3"
"185","14238",2,8,"hab8_grp2"
"186","1425",3,NA,"habNA_grp3"
"187","1426",2,NA,"habNA_grp2"
"188","14278",1,3,"hab3_grp1"
"189","143",1,1,"hab1_grp1"
"190","1434",2,NA,"habNA_grp2"
"191","144",1,1,"hab1_grp1"
"192","1444",2,NA,"habNA_grp2"
"193","14445",1,8,"hab8_grp1"
"194","14453",1,4,"hab4_grp1"
"195","1450",2,NA,"habNA_grp2"
"196","14503",1,NA,"habNA_grp1"
"197","14507",1,4,"hab4_grp1"
"198","1452",3,NA,"habNA_grp3"
"199","14520",1,7,"hab7_grp1"
"200","14525",1,NA,"habNA_grp1"
"201","14539",1,1,"hab1_grp1"
"202","14551",1,1,"hab1_grp1"
"203","14593",1,1,"hab1_grp1"
"204","1460",1,NA,"habNA_grp1"
"205","14613",1,8,"hab8_grp1"
"206","14623",1,4,"hab4_grp1"
"207","14626",3,3,"hab3_grp3"
"208","14629",2,NA,"habNA_grp2"
"209","14632",1,4,"hab4_grp1"
"210","14637",1,1,"hab1_grp1"
"211","14651",1,3,"hab3_grp1"
"212","14660",1,NA,"habNA_grp1"
"213","14688",1,NA,"habNA_grp1"
"214","14700",2,8,"hab8_grp2"
"215","14713",1,4,"hab4_grp1"
"216","14719",1,NA,"habNA_grp1"
"217","14720",3,1,"hab1_grp3"
"218","14722",1,8,"hab8_grp1"
"219","14725",1,7,"hab7_grp1"
"220","14728",1,1,"hab1_grp1"
"221","14730",3,1,"hab1_grp3"
"222","14733",1,NA,"habNA_grp1"
"223","1474",2,3,"hab3_grp2"
"224","14747",1,8,"hab8_grp1"
"225","14749",1,4,"hab4_grp1"
"226","14754",1,NA,"habNA_grp1"
"227","14755",1,NA,"habNA_grp1"
"228","14761",1,8,"hab8_grp1"
"229","14767",1,4,"hab4_grp1"
"230","14770",1,4,"hab4_grp1"
"231","14792",1,4,"hab4_grp1"
"232","14795",1,8,"hab8_grp1"
"233","14797",1,4,"hab4_grp1"
"234","148",1,1,"hab1_grp1"
"235","1480",1,8,"hab8_grp1"
"236","14800",1,1,"hab1_grp1"
"237","14805",1,1,"hab1_grp1"
"238","14807",1,NA,"habNA_grp1"
"239","14809",1,NA,"habNA_grp1"
"240","14829",1,1,"hab1_grp1"
"241","14832",3,NA,"habNA_grp3"
"242","14833",1,NA,"habNA_grp1"
"243","14836",1,1,"hab1_grp1"
"244","14837",1,1,"hab1_grp1"
"245","14855",1,NA,"habNA_grp1"
"246","14856",1,NA,"habNA_grp1"
"247","14866",1,4,"hab4_grp1"
"248","14885",1,1,"hab1_grp1"
"249","14890",1,1,"hab1_grp1"
"250","14892",1,NA,"habNA_grp1"
"251","14904",1,1,"hab1_grp1"
"252","14922",1,4,"hab4_grp1"
"253","14926",1,NA,"habNA_grp1"
"254","14930",1,NA,"habNA_grp1"
"255","14931",1,NA,"habNA_grp1"
"256","14933",1,NA,"habNA_grp1"
"257","14934",3,NA,"habNA_grp3"
"258","14939",1,NA,"habNA_grp1"
"259","14946",1,NA,"habNA_grp1"
"260","14947",1,NA,"habNA_grp1"
"261","14954",1,NA,"habNA_grp1"
"262","14958",1,NA,"habNA_grp1"
"263","14959",1,NA,"habNA_grp1"
"264","14960",1,8,"hab8_grp1"
"265","14963",1,NA,"habNA_grp1"
"266","14965",1,NA,"habNA_grp1"
"267","14966",1,NA,"habNA_grp1"
"268","14967",3,NA,"habNA_grp3"
"269","14985",1,NA,"habNA_grp1"
"270","14990",1,4,"hab4_grp1"
"271","15007",1,NA,"habNA_grp1"
"272","1501",3,3,"hab3_grp3"
"273","15011",1,NA,"habNA_grp1"
"274","15019",1,NA,"habNA_grp1"
"275","15027",1,4,"hab4_grp1"
"276","15030",1,NA,"habNA_grp1"
"277","15039",1,8,"hab8_grp1"
"278","15041",1,NA,"habNA_grp1"
"279","15056",1,NA,"habNA_grp1"
"280","15057",1,4,"hab4_grp1"
"281","15062",1,NA,"habNA_grp1"
"282","15076",1,NA,"habNA_grp1"
"283","15077",1,4,"hab4_grp1"
"284","15086",1,NA,"habNA_grp1"
"285","15087",1,NA,"habNA_grp1"
"286","15091",1,4,"hab4_grp1"
"287","151",1,1,"hab1_grp1"
"288","15101",1,NA,"habNA_grp1"
"289","1514",1,3,"hab3_grp1"
"290","15144",1,1,"hab1_grp1"
"291","1519",2,NA,"habNA_grp2"
"292","1520",3,NA,"habNA_grp3"
"293","15218",2,1,"hab1_grp2"
"294","1522",3,NA,"habNA_grp3"
"295","15232",1,1,"hab1_grp1"
"296","1524",3,3,"hab3_grp3"
"297","15262",1,1,"hab1_grp1"
"298","1527",2,NA,"habNA_grp2"
"299","15281",1,1,"hab1_grp1"
"300","15289",3,8,"hab8_grp3"
"301","15311",1,1,"hab1_grp1"
"302","15322",1,1,"hab1_grp1"
"303","15331",1,4,"hab4_grp1"
"304","1534",2,NA,"habNA_grp2"
"305","1535",1,8,"hab8_grp1"
"306","1540",3,NA,"habNA_grp3"
"307","1542",3,3,"hab3_grp3"
"308","1546",2,NA,"habNA_grp2"
"309","1547",1,8,"hab8_grp1"
"310","1548",2,3,"hab3_grp2"
"311","1552",1,8,"hab8_grp1"
"312","1553",2,3,"hab3_grp2"
"313","1556",2,3,"hab3_grp2"
"314","156",1,1,"hab1_grp1"
"315","1563",2,NA,"habNA_grp2"
"316","1569",2,3,"hab3_grp2"
"317","1572",2,NA,"habNA_grp2"
"318","15721",1,4,"hab4_grp1"
"319","1575",2,3,"hab3_grp2"
"320","15780",1,1,"hab1_grp1"
"321","1579",2,NA,"habNA_grp2"
"322","1581",2,NA,"habNA_grp2"
"323","1586",2,NA,"habNA_grp2"
"324","1594",2,NA,"habNA_grp2"
"325","15968",1,8,"hab8_grp1"
"326","15993",1,6,"hab6_grp1"
"327","15996",2,6,"hab6_grp2"
"328","16",2,NA,"habNA_grp2"
"329","16006",2,6,"hab6_grp2"
"330","16010",1,6,"hab6_grp1"
"331","16016",1,6,"hab6_grp1"
"332","16024",3,NA,"habNA_grp3"
"333","1603",1,8,"hab8_grp1"
"334","16030",1,8,"hab8_grp1"
"335","16031",1,8,"hab8_grp1"
"336","16035",1,8,"hab8_grp1"
"337","16036",3,NA,"habNA_grp3"
"338","16045",2,8,"hab8_grp2"
"339","16058",1,3,"hab3_grp1"
"340","16068",1,3,"hab3_grp1"
"341","1607",2,3,"hab3_grp2"
"342","16080",1,6,"hab6_grp1"
"343","16095",1,6,"hab6_grp1"
"344","16098",1,8,"hab8_grp1"
"345","161",1,1,"hab1_grp1"
"346","16104",1,1,"hab1_grp1"
"347","16111",1,8,"hab8_grp1"
"348","16126",2,8,"hab8_grp2"
"349","1613",2,3,"hab3_grp2"
"350","16142",1,3,"hab3_grp1"
"351","16152",1,8,"hab8_grp1"
"352","16196",1,8,"hab8_grp1"
"353","1620",2,NA,"habNA_grp2"
"354","16223",1,1,"hab1_grp1"
"355","16228",3,3,"hab3_grp3"
"356","1626",3,3,"hab3_grp3"
"357","16289",1,6,"hab6_grp1"
"358","1629",2,3,"hab3_grp2"
"359","16291",1,8,"hab8_grp1"
"360","16340",1,1,"hab1_grp1"
"361","1636",2,3,"hab3_grp2"
"362","16384",1,6,"hab6_grp1"
"363","16392",1,8,"hab8_grp1"
"364","16453",1,8,"hab8_grp1"
"365","16541",1,NA,"habNA_grp1"
"366","16544",1,1,"hab1_grp1"
"367","16555",1,8,"hab8_grp1"
"368","16564",1,3,"hab3_grp1"
"369","16565",1,6,"hab6_grp1"
"370","16580",1,8,"hab8_grp1"
"371","1662",2,NA,"habNA_grp2"
"372","16639",1,8,"hab8_grp1"
"373","16649",1,8,"hab8_grp1"
"374","16657",1,4,"hab4_grp1"
"375","16664",1,4,"hab4_grp1"
"376","16669",1,8,"hab8_grp1"
"377","16679",1,NA,"habNA_grp1"
"378","16687",1,8,"hab8_grp1"
"379","16693",1,8,"hab8_grp1"
"380","16747",3,NA,"habNA_grp3"
"381","16764",1,NA,"habNA_grp1"
"382","16791",1,NA,"habNA_grp1"
"383","16823",1,8,"hab8_grp1"
"384","16838",1,8,"hab8_grp1"
"385","16847",1,8,"hab8_grp1"
"386","16853",1,8,"hab8_grp1"
"387","16860",1,8,"hab8_grp1"
"388","16864",1,8,"hab8_grp1"
"389","16894",1,8,"hab8_grp1"
"390","16908",1,1,"hab1_grp1"
"391","16911",1,8,"hab8_grp1"
"392","16936",1,NA,"habNA_grp1"
"393","16968",1,8,"hab8_grp1"
"394","1699",3,3,"hab3_grp3"
"395","17",2,NA,"habNA_grp2"
"396","1702",1,1,"hab1_grp1"
"397","17029",1,NA,"habNA_grp1"
"398","17032",1,8,"hab8_grp1"
"399","17044",1,8,"hab8_grp1"
"400","1707",1,NA,"habNA_grp1"
"401","1710",2,NA,"habNA_grp2"
"402","17102",1,8,"hab8_grp1"
"403","1713",1,3,"hab3_grp1"
"404","1714",2,3,"hab3_grp2"
"405","1719",3,NA,"habNA_grp3"
"406","17239",3,8,"hab8_grp3"
"407","1726",2,3,"hab3_grp2"
"408","17294",1,4,"hab4_grp1"
"409","1734",2,3,"hab3_grp2"
"410","1741",1,1,"hab1_grp1"
"411","17468",1,8,"hab8_grp1"
"412","17478",1,8,"hab8_grp1"
"413","1748",2,3,"hab3_grp2"
"414","17518",1,7,"hab7_grp1"
"415","1754",2,3,"hab3_grp2"
"416","1755",2,3,"hab3_grp2"
"417","17552",1,8,"hab8_grp1"
"418","17575",1,8,"hab8_grp1"
"419","1758",3,3,"hab3_grp3"
"420","17595",1,8,"hab8_grp1"
"421","17599",3,3,"hab3_grp3"
"422","17627",1,8,"hab8_grp1"
"423","17630",1,1,"hab1_grp1"
"424","17633",1,8,"hab8_grp1"
"425","1766",1,3,"hab3_grp1"
"426","17660",1,7,"hab7_grp1"
"427","17666",1,8,"hab8_grp1"
"428","17674",1,8,"hab8_grp1"
"429","17710",1,2,"hab2_grp1"
"430","1772",1,NA,"habNA_grp1"
"431","1778",2,3,"hab3_grp2"
"432","1782",1,3,"hab3_grp1"
"433","1788",1,3,"hab3_grp1"
"434","17931",1,8,"hab8_grp1"
"435","1797",2,3,"hab3_grp2"
"436","17986",1,8,"hab8_grp1"
"437","18",3,NA,"habNA_grp3"
"438","18004",1,8,"hab8_grp1"
"439","18014",1,8,"hab8_grp1"
"440","1811",3,NA,"habNA_grp3"
"441","1823",1,NA,"habNA_grp1"
"442","18316",1,2,"hab2_grp1"
"443","1832",2,3,"hab3_grp2"
"444","1835",2,NA,"habNA_grp2"
"445","1840",3,1,"hab1_grp3"
"446","1849",2,NA,"habNA_grp2"
"447","18548",1,NA,"habNA_grp1"
"448","186",1,1,"hab1_grp1"
"449","18622",1,NA,"habNA_grp1"
"450","18645",1,NA,"habNA_grp1"
"451","18651",1,NA,"habNA_grp1"
"452","1866",1,3,"hab3_grp1"
"453","1867",2,3,"hab3_grp2"
"454","1868",1,NA,"habNA_grp1"
"455","18713",1,NA,"habNA_grp1"
"456","1872",1,3,"hab3_grp1"
"457","18961",3,NA,"habNA_grp3"
"458","18962",1,NA,"habNA_grp1"
"459","18969",1,NA,"habNA_grp1"
"460","18978",1,NA,"habNA_grp1"
"461","18982",1,NA,"habNA_grp1"
"462","18988",1,NA,"habNA_grp1"
"463","18989",3,NA,"habNA_grp3"
"464","1899",1,NA,"habNA_grp1"
"465","18994",1,NA,"habNA_grp1"
"466","18996",1,NA,"habNA_grp1"
"467","19",3,NA,"habNA_grp3"
"468","19003",1,NA,"habNA_grp1"
"469","19006",1,NA,"habNA_grp1"
"470","19010",1,NA,"habNA_grp1"
"471","19013",1,8,"hab8_grp1"
"472","19014",1,NA,"habNA_grp1"
"473","19018",1,NA,"habNA_grp1"
"474","19021",1,NA,"habNA_grp1"
"475","19022",1,NA,"habNA_grp1"
"476","19026",1,NA,"habNA_grp1"
"477","19030",1,NA,"habNA_grp1"
"478","19034",1,8,"hab8_grp1"
"479","19039",1,NA,"habNA_grp1"
"480","19056",1,NA,"habNA_grp1"
"481","191",1,1,"hab1_grp1"
"482","1918",2,NA,"habNA_grp2"
"483","19195",1,5,"hab5_grp1"
"484","1920",3,NA,"habNA_grp3"
"485","19269",1,7,"hab7_grp1"
"486","1933",2,NA,"habNA_grp2"
"487","19330",3,3,"hab3_grp3"
"488","19338",1,3,"hab3_grp1"
"489","1934",3,NA,"habNA_grp3"
"490","19360",1,3,"hab3_grp1"
"491","19363",1,3,"hab3_grp1"
"492","19412",1,7,"hab7_grp1"
"493","1943",2,NA,"habNA_grp2"
"494","1945",1,3,"hab3_grp1"
"495","19458",1,8,"hab8_grp1"
"496","19471",1,8,"hab8_grp1"
"497","19472",1,8,"hab8_grp1"
"498","19481",3,3,"hab3_grp3"
"499","19489",1,8,"hab8_grp1"
"500","19494",1,8,"hab8_grp1"
"501","19503",1,8,"hab8_grp1"
"502","19522",1,8,"hab8_grp1"
"503","19536",1,7,"hab7_grp1"
"504","19547",1,3,"hab3_grp1"
"505","19551",1,8,"hab8_grp1"
"506","19559",1,8,"hab8_grp1"
"507","19562",2,8,"hab8_grp2"
"508","19565",1,8,"hab8_grp1"
"509","19568",1,7,"hab7_grp1"
"510","19578",1,8,"hab8_grp1"
"511","19598",1,8,"hab8_grp1"
"512","19601",1,8,"hab8_grp1"
"513","19618",1,7,"hab7_grp1"
"514","19619",1,8,"hab8_grp1"
"515","1963",1,NA,"habNA_grp1"
"516","19638",1,8,"hab8_grp1"
"517","19641",1,8,"hab8_grp1"
"518","19642",1,8,"hab8_grp1"
"519","19647",3,8,"hab8_grp3"
"520","19653",1,8,"hab8_grp1"
"521","19657",1,7,"hab7_grp1"
"522","19660",1,7,"hab7_grp1"
"523","19662",1,8,"hab8_grp1"
"524","19663",1,8,"hab8_grp1"
"525","19664",1,8,"hab8_grp1"
"526","19665",1,8,"hab8_grp1"
"527","19693",1,8,"hab8_grp1"
"528","19705",1,8,"hab8_grp1"
"529","19706",1,8,"hab8_grp1"
"530","19708",1,7,"hab7_grp1"
"531","19715",2,8,"hab8_grp2"
"532","19716",1,7,"hab7_grp1"
"533","19719",1,7,"hab7_grp1"
"534","19738",1,7,"hab7_grp1"
"535","19741",1,7,"hab7_grp1"
"536","19753",1,8,"hab8_grp1"
"537","19768",1,8,"hab8_grp1"
"538","1977",2,3,"hab3_grp2"
"539","19782",1,7,"hab7_grp1"
"540","19786",1,8,"hab8_grp1"
"541","19788",1,8,"hab8_grp1"
"542","19799",1,8,"hab8_grp1"
"543","19807",1,8,"hab8_grp1"
"544","19816",1,8,"hab8_grp1"
"545","19823",1,8,"hab8_grp1"
"546","1983",3,3,"hab3_grp3"
"547","19831",1,7,"hab7_grp1"
"548","19838",1,8,"hab8_grp1"
"549","19855",1,7,"hab7_grp1"
"550","19871",3,8,"hab8_grp3"
"551","19875",1,5,"hab5_grp1"
"552","19904",1,NA,"habNA_grp1"
"553","19912",1,7,"hab7_grp1"
"554","19929",1,5,"hab5_grp1"
"555","19935",1,7,"hab7_grp1"
"556","19939",1,7,"hab7_grp1"
"557","1994",2,3,"hab3_grp2"
"558","19944",1,7,"hab7_grp1"
"559","19948",1,7,"hab7_grp1"
"560","19954",1,7,"hab7_grp1"
"561","19968",1,2,"hab2_grp1"
"562","19971",1,7,"hab7_grp1"
"563","19975",1,NA,"habNA_grp1"
"564","19979",1,7,"hab7_grp1"
"565","19984",1,NA,"habNA_grp1"
"566","19989",1,7,"hab7_grp1"
"567","19993",1,7,"hab7_grp1"
"568","19997",1,7,"hab7_grp1"
"569","2",3,NA,"habNA_grp3"
"570","20012",1,NA,"habNA_grp1"
"571","20013",1,7,"hab7_grp1"
"572","20015",1,NA,"habNA_grp1"
"573","2002",2,3,"hab3_grp2"
"574","20023",1,8,"hab8_grp1"
"575","20025",1,8,"hab8_grp1"
"576","20033",1,NA,"habNA_grp1"
"577","20035",1,7,"hab7_grp1"
"578","20038",1,2,"hab2_grp1"
"579","20043",1,5,"hab5_grp1"
"580","20045",1,8,"hab8_grp1"
"581","20046",1,7,"hab7_grp1"
"582","20051",1,7,"hab7_grp1"
"583","20053",1,8,"hab8_grp1"
"584","20061",1,7,"hab7_grp1"
"585","20065",1,2,"hab2_grp1"
"586","20070",1,7,"hab7_grp1"
"587","20071",1,2,"hab2_grp1"
"588","20072",1,NA,"habNA_grp1"
"589","20085",1,5,"hab5_grp1"
"590","20092",1,7,"hab7_grp1"
"591","2010",1,NA,"habNA_grp1"
"592","20101",1,8,"hab8_grp1"
"593","20111",1,7,"hab7_grp1"
"594","20118",1,7,"hab7_grp1"
"595","2012",1,NA,"habNA_grp1"
"596","20121",1,2,"hab2_grp1"
"597","20128",1,7,"hab7_grp1"
"598","20130",1,7,"hab7_grp1"
"599","20131",1,7,"hab7_grp1"
"600","20134",1,7,"hab7_grp1"
"601","2014",1,3,"hab3_grp1"
"602","20160",1,7,"hab7_grp1"
"603","20169",1,8,"hab8_grp1"
"604","2017",2,NA,"habNA_grp2"
"605","20186",1,NA,"habNA_grp1"
"606","20194",1,7,"hab7_grp1"
"607","20197",1,NA,"habNA_grp1"
"608","20199",1,7,"hab7_grp1"
"609","20207",1,NA,"habNA_grp1"
"610","20211",1,NA,"habNA_grp1"
"611","20262",1,7,"hab7_grp1"
"612","20263",1,7,"hab7_grp1"
"613","20280",2,7,"hab7_grp2"
"614","20283",1,7,"hab7_grp1"
"615","20299",1,7,"hab7_grp1"
"616","20302",1,7,"hab7_grp1"
"617","20303",1,5,"hab5_grp1"
"618","20305",1,7,"hab7_grp1"
"619","20309",1,7,"hab7_grp1"
"620","20311",1,5,"hab5_grp1"
"621","20331",1,NA,"habNA_grp1"
"622","20338",1,NA,"habNA_grp1"
"623","20342",1,8,"hab8_grp1"
"624","2035",2,3,"hab3_grp2"
"625","20350",1,7,"hab7_grp1"
"626","20372",1,8,"hab8_grp1"
"627","20379",1,7,"hab7_grp1"
"628","20383",1,7,"hab7_grp1"
"629","20392",1,7,"hab7_grp1"
"630","20393",1,7,"hab7_grp1"
"631","20395",1,7,"hab7_grp1"
"632","20396",1,7,"hab7_grp1"
"633","20398",1,NA,"habNA_grp1"
"634","204",1,1,"hab1_grp1"
"635","20404",1,8,"hab8_grp1"
"636","20416",1,7,"hab7_grp1"
"637","20418",1,7,"hab7_grp1"
"638","20419",1,8,"hab8_grp1"
"639","20431",1,7,"hab7_grp1"
"640","20432",1,7,"hab7_grp1"
"641","20433",1,7,"hab7_grp1"
"642","20436",1,7,"hab7_grp1"
"643","20443",1,7,"hab7_grp1"
"644","20445",3,7,"hab7_grp3"
"645","2045",1,NA,"habNA_grp1"
"646","20460",1,7,"hab7_grp1"
"647","20465",1,7,"hab7_grp1"
"648","20479",1,7,"hab7_grp1"
"649","20492",1,7,"hab7_grp1"
"650","20497",1,7,"hab7_grp1"
"651","20514",1,2,"hab2_grp1"
"652","20525",1,7,"hab7_grp1"
"653","20526",1,7,"hab7_grp1"
"654","2054",1,NA,"habNA_grp1"
"655","20541",1,7,"hab7_grp1"
"656","20548",1,7,"hab7_grp1"
"657","2056",3,NA,"habNA_grp3"
"658","2059",2,NA,"habNA_grp2"
"659","20603",1,7,"hab7_grp1"
"660","2062",1,3,"hab3_grp1"
"661","20623",1,7,"hab7_grp1"
"662","20626",1,7,"hab7_grp1"
"663","20654",1,7,"hab7_grp1"
"664","20659",1,7,"hab7_grp1"
"665","2069",2,3,"hab3_grp2"
"666","20691",1,7,"hab7_grp1"
"667","207",1,1,"hab1_grp1"
"668","2081",1,3,"hab3_grp1"
"669","20825",1,7,"hab7_grp1"
"670","20863",2,7,"hab7_grp2"
"671","20906",1,7,"hab7_grp1"
"672","2092",2,3,"hab3_grp2"
"673","20934",1,2,"hab2_grp1"
"674","20975",1,8,"hab8_grp1"
"675","20978",1,8,"hab8_grp1"
"676","21022",1,8,"hab8_grp1"
"677","21033",1,8,"hab8_grp1"
"678","21044",1,7,"hab7_grp1"
"679","21072",1,8,"hab8_grp1"
"680","21080",1,7,"hab7_grp1"
"681","21090",1,7,"hab7_grp1"
"682","21103",1,8,"hab8_grp1"
"683","21119",1,NA,"habNA_grp1"
"684","2117",1,3,"hab3_grp1"
"685","21200",1,5,"hab5_grp1"
"686","21212",1,7,"hab7_grp1"
"687","2122",2,NA,"habNA_grp2"
"688","2124",1,NA,"habNA_grp1"
"689","21245",1,7,"hab7_grp1"
"690","21257",1,2,"hab2_grp1"
"691","2128",2,NA,"habNA_grp2"
"692","2130",2,3,"hab3_grp2"
"693","21332",1,7,"hab7_grp1"
"694","2135",2,NA,"habNA_grp2"
"695","21404",1,7,"hab7_grp1"
"696","21443",1,8,"hab8_grp1"
"697","2145",2,NA,"habNA_grp2"
"698","21462",1,7,"hab7_grp1"
"699","21475",1,8,"hab8_grp1"
"700","21498",1,5,"hab5_grp1"
"701","21511",1,2,"hab2_grp1"
"702","2152",1,NA,"habNA_grp1"
"703","2153",2,3,"hab3_grp2"
"704","2154",2,3,"hab3_grp2"
"705","21548",1,7,"hab7_grp1"
"706","2155",2,NA,"habNA_grp2"
"707","21615",1,7,"hab7_grp1"
"708","21705",1,7,"hab7_grp1"
"709","21709",1,2,"hab2_grp1"
"710","2171",2,3,"hab3_grp2"
"711","21794",1,7,"hab7_grp1"
"712","21830",1,8,"hab8_grp1"
"713","21884",3,8,"hab8_grp3"
"714","2190",2,NA,"habNA_grp2"
"715","21921",1,8,"hab8_grp1"
"716","21924",1,7,"hab7_grp1"
"717","21926",1,2,"hab2_grp1"
"718","21934",1,8,"hab8_grp1"
"719","2197",1,3,"hab3_grp1"
"720","2198",2,NA,"habNA_grp2"
"721","21997",1,7,"hab7_grp1"
"722","21999",1,8,"hab8_grp1"
"723","22",2,NA,"habNA_grp2"
"724","2200",3,NA,"habNA_grp3"
"725","22011",1,7,"hab7_grp1"
"726","2202",3,NA,"habNA_grp3"
"727","2205",3,NA,"habNA_grp3"
"728","2211",3,NA,"habNA_grp3"
"729","2213",2,NA,"habNA_grp2"
"730","2218",3,NA,"habNA_grp3"
"731","2219",2,3,"hab3_grp2"
"732","2222",3,NA,"habNA_grp3"
"733","2225",2,NA,"habNA_grp2"
"734","2230",2,NA,"habNA_grp2"
"735","22310",1,7,"hab7_grp1"
"736","2234",3,NA,"habNA_grp3"
"737","2243",3,NA,"habNA_grp3"
"738","2249",2,NA,"habNA_grp2"
"739","2254",2,3,"hab3_grp2"
"740","2257",1,3,"hab3_grp1"
"741","22670",1,8,"hab8_grp1"
"742","2269",2,3,"hab3_grp2"
"743","2270",2,3,"hab3_grp2"
"744","22791",3,7,"hab7_grp3"
"745","2286",2,NA,"habNA_grp2"
"746","2289",2,NA,"habNA_grp2"
"747","22924",1,NA,"habNA_grp1"
"748","22929",1,NA,"habNA_grp1"
"749","2296",2,3,"hab3_grp2"
"750","23",3,NA,"habNA_grp3"
"751","2302",2,3,"hab3_grp2"
"752","23079",1,2,"hab2_grp1"
"753","2309",2,3,"hab3_grp2"
"754","23105",1,NA,"habNA_grp1"
"755","23151",1,2,"hab2_grp1"
"756","23166",1,NA,"habNA_grp1"
"757","232",1,1,"hab1_grp1"
"758","23209",1,NA,"habNA_grp1"
"759","2321",2,3,"hab3_grp2"
"760","233",1,1,"hab1_grp1"
"761","23306",3,NA,"habNA_grp3"
"762","23317",3,NA,"habNA_grp3"
"763","2332",3,3,"hab3_grp3"
"764","23333",3,NA,"habNA_grp3"
"765","2334",1,3,"hab3_grp1"
"766","234",1,6,"hab6_grp1"
"767","23428",1,7,"hab7_grp1"
"768","23519",1,NA,"habNA_grp1"
"769","23560",1,8,"hab8_grp1"
"770","236",1,1,"hab1_grp1"
"771","2370",3,NA,"habNA_grp3"
"772","23716",1,NA,"habNA_grp1"
"773","2372",1,3,"hab3_grp1"
"774","2373",2,NA,"habNA_grp2"
"775","23792",1,8,"hab8_grp1"
"776","2381",1,NA,"habNA_grp1"
"777","23884",3,NA,"habNA_grp3"
"778","23908",1,NA,"habNA_grp1"
"779","2392",3,3,"hab3_grp3"
"780","24",2,NA,"habNA_grp2"
"781","2400",2,3,"hab3_grp2"
"782","24002",1,NA,"habNA_grp1"
"783","2402",2,NA,"habNA_grp2"
"784","24035",1,NA,"habNA_grp1"
"785","24072",1,7,"hab7_grp1"
"786","24134",1,NA,"habNA_grp1"
"787","24137",1,NA,"habNA_grp1"
"788","24186",3,8,"hab8_grp3"
"789","24347",1,NA,"habNA_grp1"
"790","2435",2,3,"hab3_grp2"
"791","2436",2,3,"hab3_grp2"
"792","24435",1,7,"hab7_grp1"
"793","24483",3,8,"hab8_grp3"
"794","24487",1,8,"hab8_grp1"
"795","24530",1,8,"hab8_grp1"
"796","24550",1,8,"hab8_grp1"
"797","24554",1,1,"hab1_grp1"
"798","24557",1,NA,"habNA_grp1"
"799","2456",2,NA,"habNA_grp2"
"800","24569",1,8,"hab8_grp1"
"801","24586",1,NA,"habNA_grp1"
"802","24598",1,8,"hab8_grp1"
"803","24619",1,NA,"habNA_grp1"
"804","24624",1,NA,"habNA_grp1"
"805","24639",1,NA,"habNA_grp1"
"806","24642",1,NA,"habNA_grp1"
"807","2465",2,3,"hab3_grp2"
"808","2468",2,NA,"habNA_grp2"
"809","2472",2,NA,"habNA_grp2"
"810","24725",1,7,"hab7_grp1"
"811","24734",1,7,"hab7_grp1"
"812","24753",3,8,"hab8_grp3"
"813","24760",1,7,"hab7_grp1"
"814","24767",1,NA,"habNA_grp1"
"815","2482",1,3,"hab3_grp1"
"816","2492",2,NA,"habNA_grp2"
"817","25",2,NA,"habNA_grp2"
"818","2514",2,3,"hab3_grp2"
"819","2552",2,NA,"habNA_grp2"
"820","2560",2,3,"hab3_grp2"
"821","2574",3,3,"hab3_grp3"
"822","2575",2,3,"hab3_grp2"
"823","2576",3,NA,"habNA_grp3"
"824","2579",2,3,"hab3_grp2"
"825","2589",1,3,"hab3_grp1"
"826","2597",2,3,"hab3_grp2"
"827","2598",2,3,"hab3_grp2"
"828","26",3,NA,"habNA_grp3"
"829","2602",1,3,"hab3_grp1"
"830","2614",2,NA,"habNA_grp2"
"831","2616",3,NA,"habNA_grp3"
"832","2644",2,NA,"habNA_grp2"
"833","2655",2,3,"hab3_grp2"
"834","2678",1,3,"hab3_grp1"
"835","2679",2,3,"hab3_grp2"
"836","2687",2,NA,"habNA_grp2"
"837","2692",2,3,"hab3_grp2"
"838","27",2,NA,"habNA_grp2"
"839","2700",3,NA,"habNA_grp3"
"840","2705",2,NA,"habNA_grp2"
"841","2706",2,NA,"habNA_grp2"
"842","2720",2,NA,"habNA_grp2"
"843","2723",2,NA,"habNA_grp2"
"844","2728",2,3,"hab3_grp2"
"845","2746",3,NA,"habNA_grp3"
"846","2764",1,3,"hab3_grp1"
"847","2776",2,NA,"habNA_grp2"
"848","2778",1,3,"hab3_grp1"
"849","2781",1,3,"hab3_grp1"
"850","2785",2,NA,"habNA_grp2"
"851","28",3,NA,"habNA_grp3"
"852","280",1,6,"hab6_grp1"
"853","2820",2,NA,"habNA_grp2"
"854","2913",2,NA,"habNA_grp2"
"855","2918",2,3,"hab3_grp2"
"856","2922",2,3,"hab3_grp2"
"857","2927",2,NA,"habNA_grp2"
"858","2939",2,NA,"habNA_grp2"
"859","2979",1,3,"hab3_grp1"
"860","3",2,NA,"habNA_grp2"
"861","3000",2,NA,"habNA_grp2"
"862","3011",2,3,"hab3_grp2"
"863","3013",2,NA,"habNA_grp2"
"864","3046",2,3,"hab3_grp2"
"865","3063",2,NA,"habNA_grp2"
"866","3064",2,3,"hab3_grp2"
"867","3074",2,NA,"habNA_grp2"
"868","3079",2,NA,"habNA_grp2"
"869","3081",3,NA,"habNA_grp3"
"870","3109",2,NA,"habNA_grp2"
"871","3116",2,NA,"habNA_grp2"
"872","3117",2,NA,"habNA_grp2"
"873","3123",2,NA,"habNA_grp2"
"874","3180",2,NA,"habNA_grp2"
"875","3181",2,NA,"habNA_grp2"
"876","32",3,NA,"habNA_grp3"
"877","3221",2,3,"hab3_grp2"
"878","3227",3,NA,"habNA_grp3"
"879","3233",2,NA,"habNA_grp2"
"880","3241",3,NA,"habNA_grp3"
"881","3247",3,3,"hab3_grp3"
"882","3253",2,NA,"habNA_grp2"
"883","3259",2,NA,"habNA_grp2"
"884","3261",3,3,"hab3_grp3"
"885","3268",2,NA,"habNA_grp2"
"886","3286",2,NA,"habNA_grp2"
"887","3296",2,NA,"habNA_grp2"
"888","3299",3,3,"hab3_grp3"
"889","33",2,NA,"habNA_grp2"
"890","3301",3,NA,"habNA_grp3"
"891","3307",2,NA,"habNA_grp2"
"892","3310",3,NA,"habNA_grp3"
"893","3318",3,NA,"habNA_grp3"
"894","3321",3,NA,"habNA_grp3"
"895","3331",2,NA,"habNA_grp2"
"896","3337",2,NA,"habNA_grp2"
"897","3339",2,NA,"habNA_grp2"
"898","3344",2,NA,"habNA_grp2"
"899","3345",3,NA,"habNA_grp3"
"900","3346",2,NA,"habNA_grp2"
"901","3351",2,NA,"habNA_grp2"
"902","3354",3,NA,"habNA_grp3"
"903","337",1,1,"hab1_grp1"
"904","3371",2,NA,"habNA_grp2"
"905","3375",2,NA,"habNA_grp2"
"906","3378",2,NA,"habNA_grp2"
"907","34",2,NA,"habNA_grp2"
"908","3402",1,NA,"habNA_grp1"
"909","3422",1,NA,"habNA_grp1"
"910","3424",3,NA,"habNA_grp3"
"911","3431",1,NA,"habNA_grp1"
"912","3472",1,NA,"habNA_grp1"
"913","3475",2,NA,"habNA_grp2"
"914","3483",2,NA,"habNA_grp2"
"915","3489",3,NA,"habNA_grp3"
"916","3491",2,NA,"habNA_grp2"
"917","3492",2,NA,"habNA_grp2"
"918","35",2,NA,"habNA_grp2"
"919","3510",3,NA,"habNA_grp3"
"920","3525",2,3,"hab3_grp2"
"921","3553",2,NA,"habNA_grp2"
"922","3570",2,NA,"habNA_grp2"
"923","3582",3,NA,"habNA_grp3"
"924","359",3,1,"hab1_grp3"
"925","3597",2,NA,"habNA_grp2"
"926","36",2,NA,"habNA_grp2"
"927","3605",3,NA,"habNA_grp3"
"928","3614",2,3,"hab3_grp2"
"929","3651",3,3,"hab3_grp3"
"930","3654",3,3,"hab3_grp3"
"931","3663",3,NA,"habNA_grp3"
"932","3673",2,NA,"habNA_grp2"
"933","3694",3,NA,"habNA_grp3"
"934","3695",2,3,"hab3_grp2"
"935","37",2,NA,"habNA_grp2"
"936","3714",3,NA,"habNA_grp3"
"937","3721",2,3,"hab3_grp2"
"938","3744",3,NA,"habNA_grp3"
"939","3763",2,NA,"habNA_grp2"
"940","3767",2,3,"hab3_grp2"
"941","3778",3,NA,"habNA_grp3"
"942","3785",2,NA,"habNA_grp2"
"943","38",2,NA,"habNA_grp2"
"944","3803",3,3,"hab3_grp3"
"945","3814",2,NA,"habNA_grp2"
"946","3823",2,3,"hab3_grp2"
"947","3824",3,NA,"habNA_grp3"
"948","3826",3,3,"hab3_grp3"
"949","3831",3,NA,"habNA_grp3"
"950","3845",3,3,"hab3_grp3"
"951","3852",2,NA,"habNA_grp2"
"952","3888",2,3,"hab3_grp2"
"953","3893",3,NA,"habNA_grp3"
"954","3905",2,NA,"habNA_grp2"
"955","3907",3,3,"hab3_grp3"
"956","3917",2,NA,"habNA_grp2"
"957","3919",2,3,"hab3_grp2"
"958","3921",3,NA,"habNA_grp3"
"959","3938",1,3,"hab3_grp1"
"960","3983",2,NA,"habNA_grp2"
"961","3989",3,NA,"habNA_grp3"
"962","40",2,NA,"habNA_grp2"
"963","4002",2,3,"hab3_grp2"
"964","4016",2,NA,"habNA_grp2"
"965","4065",2,NA,"habNA_grp2"
"966","4081",2,3,"hab3_grp2"
"967","4102",2,3,"hab3_grp2"
"968","4108",2,NA,"habNA_grp2"
"969","4114",3,NA,"habNA_grp3"
"970","4129",3,NA,"habNA_grp3"
"971","4134",3,3,"hab3_grp3"
"972","4138",2,3,"hab3_grp2"
"973","4140",3,NA,"habNA_grp3"
"974","4142",3,NA,"habNA_grp3"
"975","4144",2,3,"hab3_grp2"
"976","4148",2,3,"hab3_grp2"
"977","4150",2,3,"hab3_grp2"
"978","4151",2,NA,"habNA_grp2"
"979","4163",1,3,"hab3_grp1"
"980","418",1,1,"hab1_grp1"
"981","4187",2,NA,"habNA_grp2"
"982","4197",1,8,"hab8_grp1"
"983","42",2,NA,"habNA_grp2"
"984","4224",3,NA,"habNA_grp3"
"985","4227",3,NA,"habNA_grp3"
"986","4245",2,NA,"habNA_grp2"
"987","4252",2,NA,"habNA_grp2"
"988","4274",2,NA,"habNA_grp2"
"989","4287",1,7,"hab7_grp1"
"990","4288",3,NA,"habNA_grp3"
"991","4319",2,3,"hab3_grp2"
"992","4322",1,8,"hab8_grp1"
"993","4326",2,NA,"habNA_grp2"
"994","4351",3,NA,"habNA_grp3"
"995","437",1,1,"hab1_grp1"
"996","4388",2,3,"hab3_grp2"
"997","4436",2,NA,"habNA_grp2"
"998","4439",3,NA,"habNA_grp3"
"999","4444",2,NA,"habNA_grp2"
"1000","4449",1,NA,"habNA_grp1"
"1001","4450",2,3,"hab3_grp2"
"1002","4492",2,3,"hab3_grp2"
"1003","4496",1,8,"hab8_grp1"
"1004","4570",2,3,"hab3_grp2"
"1005","4572",3,3,"hab3_grp3"
"1006","4580",2,3,"hab3_grp2"
"1007","4582",1,NA,"habNA_grp1"
"1008","4600",2,3,"hab3_grp2"
"1009","4614",2,3,"hab3_grp2"
"1010","4625",2,3,"hab3_grp2"
"1011","4689",2,3,"hab3_grp2"
"1012","4698",2,3,"hab3_grp2"
"1013","47",2,NA,"habNA_grp2"
"1014","4707",2,3,"hab3_grp2"
"1015","4745",1,NA,"habNA_grp1"
"1016","4767",3,NA,"habNA_grp3"
"1017","4776",3,NA,"habNA_grp3"
"1018","4777",2,NA,"habNA_grp2"
"1019","4781",2,3,"hab3_grp2"
"1020","4787",2,3,"hab3_grp2"
"1021","4801",1,3,"hab3_grp1"
"1022","4820",3,NA,"habNA_grp3"
"1023","4834",2,NA,"habNA_grp2"
"1024","488",1,1,"hab1_grp1"
"1025","489",1,1,"hab1_grp1"
"1026","4891",3,NA,"habNA_grp3"
"1027","4896",2,3,"hab3_grp2"
"1028","4904",1,3,"hab3_grp1"
"1029","4914",1,3,"hab3_grp1"
"1030","4974",1,3,"hab3_grp1"
"1031","4977",2,3,"hab3_grp2"
"1032","4978",2,NA,"habNA_grp2"
"1033","4985",3,3,"hab3_grp3"
"1034","4986",3,NA,"habNA_grp3"
"1035","4997",2,NA,"habNA_grp2"
"1036","4999",3,NA,"habNA_grp3"
"1037","5",2,NA,"habNA_grp2"
"1038","5002",1,NA,"habNA_grp1"
"1039","5006",2,NA,"habNA_grp2"
"1040","5007",2,3,"hab3_grp2"
"1041","5011",3,NA,"habNA_grp3"
"1042","5013",2,NA,"habNA_grp2"
"1043","5014",3,NA,"habNA_grp3"
"1044","5020",1,8,"hab8_grp1"
"1045","5029",3,NA,"habNA_grp3"
"1046","5033",2,NA,"habNA_grp2"
"1047","5037",2,NA,"habNA_grp2"
"1048","5045",3,NA,"habNA_grp3"
"1049","5069",3,NA,"habNA_grp3"
"1050","5075",2,3,"hab3_grp2"
"1051","5079",1,8,"hab8_grp1"
"1052","5087",2,3,"hab3_grp2"
"1053","5089",2,NA,"habNA_grp2"
"1054","509",1,1,"hab1_grp1"
"1055","5108",1,3,"hab3_grp1"
"1056","5112",2,NA,"habNA_grp2"
"1057","5113",1,3,"hab3_grp1"
"1058","5125",1,NA,"habNA_grp1"
"1059","5130",2,3,"hab3_grp2"
"1060","5138",1,8,"hab8_grp1"
"1061","5143",2,NA,"habNA_grp2"
"1062","5158",1,8,"hab8_grp1"
"1063","5161",1,8,"hab8_grp1"
"1064","5169",1,NA,"habNA_grp1"
"1065","5180",1,NA,"habNA_grp1"
"1066","5184",2,3,"hab3_grp2"
"1067","5197",2,NA,"habNA_grp2"
"1068","520",1,1,"hab1_grp1"
"1069","5210",3,NA,"habNA_grp3"
"1070","5226",1,3,"hab3_grp1"
"1071","5267",2,3,"hab3_grp2"
"1072","5268",2,NA,"habNA_grp2"
"1073","5275",2,NA,"habNA_grp2"
"1074","5285",1,8,"hab8_grp1"
"1075","5295",3,NA,"habNA_grp3"
"1076","5298",3,NA,"habNA_grp3"
"1077","53",2,NA,"habNA_grp2"
"1078","5309",2,NA,"habNA_grp2"
"1079","5316",2,3,"hab3_grp2"
"1080","5325",1,3,"hab3_grp1"
"1081","5341",1,3,"hab3_grp1"
"1082","5347",3,NA,"habNA_grp3"
"1083","5356",2,NA,"habNA_grp2"
"1084","5359",2,3,"hab3_grp2"
"1085","5363",1,1,"hab1_grp1"
"1086","5372",3,NA,"habNA_grp3"
"1087","5373",3,NA,"habNA_grp3"
"1088","5375",1,3,"hab3_grp1"
"1089","5381",2,NA,"habNA_grp2"
"1090","5383",2,NA,"habNA_grp2"
"1091","5386",3,NA,"habNA_grp3"
"1092","5388",3,NA,"habNA_grp3"
"1093","54",2,NA,"habNA_grp2"
"1094","5430",3,3,"hab3_grp3"
"1095","5456",1,8,"hab8_grp1"
"1096","5466",3,NA,"habNA_grp3"
"1097","5531",2,3,"hab3_grp2"
"1098","5536",1,4,"hab4_grp1"
"1099","5543",3,NA,"habNA_grp3"
"1100","5552",1,8,"hab8_grp1"
"1101","5559",3,NA,"habNA_grp3"
"1102","5565",1,NA,"habNA_grp1"
"1103","5575",1,NA,"habNA_grp1"
"1104","5578",2,3,"hab3_grp2"
"1105","5596",3,NA,"habNA_grp3"
"1106","5599",2,3,"hab3_grp2"
"1107","56",2,NA,"habNA_grp2"
"1108","5606",2,NA,"habNA_grp2"
"1109","561",3,1,"hab1_grp3"
"1110","5619",2,NA,"habNA_grp2"
"1111","5649",1,NA,"habNA_grp1"
"1112","5650",2,3,"hab3_grp2"
"1113","5653",2,3,"hab3_grp2"
"1114","5655",2,3,"hab3_grp2"
"1115","5669",2,NA,"habNA_grp2"
"1116","5710",2,3,"hab3_grp2"
"1117","5740",1,NA,"habNA_grp1"
"1118","5745",1,NA,"habNA_grp1"
"1119","5781",1,7,"hab7_grp1"
"1120","5792",1,8,"hab8_grp1"
"1121","5797",3,NA,"habNA_grp3"
"1122","5799",1,4,"hab4_grp1"
"1123","58",2,NA,"habNA_grp2"
"1124","582",1,1,"hab1_grp1"
"1125","5836",3,NA,"habNA_grp3"
"1126","5859",3,NA,"habNA_grp3"
"1127","5866",1,NA,"habNA_grp1"
"1128","5876",3,NA,"habNA_grp3"
"1129","5910",3,NA,"habNA_grp3"
"1130","5912",1,8,"hab8_grp1"
"1131","5915",1,NA,"habNA_grp1"
"1132","5920",1,1,"hab1_grp1"
"1133","5927",1,NA,"habNA_grp1"
"1134","5953",1,1,"hab1_grp1"
"1135","5954",1,NA,"habNA_grp1"
"1136","5968",3,NA,"habNA_grp3"
"1137","5983",1,NA,"habNA_grp1"
"1138","6",3,NA,"habNA_grp3"
"1139","6011",1,8,"hab8_grp1"
"1140","6015",1,3,"hab3_grp1"
"1141","6024",2,3,"hab3_grp2"
"1142","6040",1,3,"hab3_grp1"
"1143","6064",2,3,"hab3_grp2"
"1144","6067",1,4,"hab4_grp1"
"1145","6086",3,NA,"habNA_grp3"
"1146","6107",1,NA,"habNA_grp1"
"1147","6116",1,1,"hab1_grp1"
"1148","6139",1,NA,"habNA_grp1"
"1149","6147",2,3,"hab3_grp2"
"1150","6158",3,NA,"habNA_grp3"
"1151","6180",1,NA,"habNA_grp1"
"1152","62",3,NA,"habNA_grp3"
"1153","6209",1,1,"hab1_grp1"
"1154","6214",1,NA,"habNA_grp1"
"1155","6218",1,1,"hab1_grp1"
"1156","6233",3,1,"hab1_grp3"
"1157","6244",3,1,"hab1_grp3"
"1158","6269",1,3,"hab3_grp1"
"1159","6275",3,NA,"habNA_grp3"
"1160","6283",3,1,"hab1_grp3"
"1161","6313",1,NA,"habNA_grp1"
"1162","6337",1,NA,"habNA_grp1"
"1163","64",2,NA,"habNA_grp2"
"1164","6433",2,NA,"habNA_grp2"
"1165","6461",1,NA,"habNA_grp1"
"1166","647",1,6,"hab6_grp1"
"1167","6489",2,1,"hab1_grp2"
"1168","65",3,NA,"habNA_grp3"
"1169","6526",1,NA,"habNA_grp1"
"1170","6535",1,1,"hab1_grp1"
"1171","6592",1,1,"hab1_grp1"
"1172","6608",2,3,"hab3_grp2"
"1173","6682",2,3,"hab3_grp2"
"1174","67",2,NA,"habNA_grp2"
"1175","6782",1,8,"hab8_grp1"
"1176","682",1,1,"hab1_grp1"
"1177","6828",1,NA,"habNA_grp1"
"1178","6843",1,8,"hab8_grp1"
"1179","6863",1,8,"hab8_grp1"
"1180","6866",2,NA,"habNA_grp2"
"1181","6878",1,8,"hab8_grp1"
"1182","6886",1,8,"hab8_grp1"
"1183","6906",2,8,"hab8_grp2"
"1184","6944",1,8,"hab8_grp1"
"1185","7",2,NA,"habNA_grp2"
"1186","70",3,NA,"habNA_grp3"
"1187","7015",2,8,"hab8_grp2"
"1188","7031",1,8,"hab8_grp1"
"1189","7062",2,3,"hab3_grp2"
"1190","7071",1,NA,"habNA_grp1"
"1191","7097",3,NA,"habNA_grp3"
"1192","710",1,1,"hab1_grp1"
"1193","7103",1,3,"hab3_grp1"
"1194","711",2,NA,"habNA_grp2"
"1195","7111",1,8,"hab8_grp1"
"1196","7136",3,NA,"habNA_grp3"
"1197","717",2,NA,"habNA_grp2"
"1198","7191",1,NA,"habNA_grp1"
"1199","7224",1,NA,"habNA_grp1"
"1200","7233",1,NA,"habNA_grp1"
"1201","7257",2,NA,"habNA_grp2"
"1202","726",2,NA,"habNA_grp2"
"1203","7275",1,NA,"habNA_grp1"
"1204","7347",3,NA,"habNA_grp3"
"1205","736",2,NA,"habNA_grp2"
"1206","7375",1,8,"hab8_grp1"
"1207","740",3,NA,"habNA_grp3"
"1208","7428",3,8,"hab8_grp3"
"1209","7455",1,8,"hab8_grp1"
"1210","747",2,NA,"habNA_grp2"
"1211","748",2,NA,"habNA_grp2"
"1212","7492",1,8,"hab8_grp1"
"1213","756",2,NA,"habNA_grp2"
"1214","76",2,NA,"habNA_grp2"
"1215","760",2,NA,"habNA_grp2"
"1216","7603",1,8,"hab8_grp1"
"1217","761",2,NA,"habNA_grp2"
"1218","762",2,NA,"habNA_grp2"
"1219","763",2,NA,"habNA_grp2"
"1220","765",3,NA,"habNA_grp3"
"1221","767",2,NA,"habNA_grp2"
"1222","7683",1,8,"hab8_grp1"
"1223","7692",1,8,"hab8_grp1"
"1224","77",2,NA,"habNA_grp2"
"1225","7710",1,8,"hab8_grp1"
"1226","7726",2,3,"hab3_grp2"
"1227","773",2,NA,"habNA_grp2"
"1228","777",2,NA,"habNA_grp2"
"1229","7783",1,4,"hab4_grp1"
"1230","781",2,NA,"habNA_grp2"
"1231","782",2,NA,"habNA_grp2"
"1232","7838",1,8,"hab8_grp1"
"1233","786",3,NA,"habNA_grp3"
"1234","787",2,NA,"habNA_grp2"
"1235","799",2,NA,"habNA_grp2"
"1236","8",3,NA,"habNA_grp3"
"1237","805",2,NA,"habNA_grp2"
"1238","808",2,NA,"habNA_grp2"
"1239","8120",1,8,"hab8_grp1"
"1240","8148",1,8,"hab8_grp1"
"1241","816",2,NA,"habNA_grp2"
"1242","821",2,NA,"habNA_grp2"
"1243","8219",1,4,"hab4_grp1"
"1244","823",1,1,"hab1_grp1"
"1245","825",2,NA,"habNA_grp2"
"1246","826",1,6,"hab6_grp1"
"1247","828",1,1,"hab1_grp1"
"1248","83",2,NA,"habNA_grp2"
"1249","8324",1,8,"hab8_grp1"
"1250","8343",1,7,"hab7_grp1"
"1251","8357",1,8,"hab8_grp1"
"1252","837",1,1,"hab1_grp1"
"1253","8371",1,8,"hab8_grp1"
"1254","84",2,NA,"habNA_grp2"
"1255","8405",1,1,"hab1_grp1"
"1256","8449",2,NA,"habNA_grp2"
"1257","846",1,4,"hab4_grp1"
"1258","8521",1,4,"hab4_grp1"
"1259","8569",1,8,"hab8_grp1"
"1260","8574",1,8,"hab8_grp1"
"1261","8605",2,3,"hab3_grp2"
"1262","861",1,1,"hab1_grp1"
"1263","8613",1,8,"hab8_grp1"
"1264","8684",1,3,"hab3_grp1"
"1265","87",2,NA,"habNA_grp2"
"1266","8752",1,3,"hab3_grp1"
"1267","8786",1,3,"hab3_grp1"
"1268","8803",2,NA,"habNA_grp2"
"1269","8816",1,4,"hab4_grp1"
"1270","8826",1,8,"hab8_grp1"
"1271","883",2,NA,"habNA_grp2"
"1272","8929",1,6,"hab6_grp1"
"1273","897",1,1,"hab1_grp1"
"1274","9",2,NA,"habNA_grp2"
"1275","90",2,NA,"habNA_grp2"
"1276","900",3,1,"hab1_grp3"
"1277","9001",3,NA,"habNA_grp3"
"1278","9020",1,4,"hab4_grp1"
"1279","9074",1,8,"hab8_grp1"
"1280","9083",1,8,"hab8_grp1"
"1281","91",2,NA,"habNA_grp2"
"1282","910",1,8,"hab8_grp1"
"1283","9101",2,3,"hab3_grp2"
"1284","9171",1,1,"hab1_grp1"
"1285","920",1,NA,"habNA_grp1"
"1286","924",1,NA,"habNA_grp1"
"1287","927",1,NA,"habNA_grp1"
"1288","9290",1,8,"hab8_grp1"
"1289","93",2,NA,"habNA_grp2"
"1290","934",1,8,"hab8_grp1"
"1291","9350",1,3,"hab3_grp1"
"1292","9358",2,3,"hab3_grp2"
"1293","943",2,NA,"habNA_grp2"
"1294","9446",1,NA,"habNA_grp1"
"1295","945",1,NA,"habNA_grp1"
"1296","9474",2,3,"hab3_grp2"
"1297","948",1,8,"hab8_grp1"
"1298","9497",1,4,"hab4_grp1"
"1299","95",3,NA,"habNA_grp3"
"1300","952",1,8,"hab8_grp1"
"1301","953",1,1,"hab1_grp1"
"1302","956",1,NA,"habNA_grp1"
"1303","958",2,NA,"habNA_grp2"
"1304","9584",2,3,"hab3_grp2"
"1305","961",3,1,"hab1_grp3"
"1306","9617",2,3,"hab3_grp2"
"1307","962",1,NA,"habNA_grp1"
"1308","9621",1,1,"hab1_grp1"
"1309","9622",1,3,"hab3_grp1"
"1310","9637",1,4,"hab4_grp1"
"1311","9659",1,3,"hab3_grp1"
"1312","966",1,1,"hab1_grp1"
"1313","9674",1,6,"hab6_grp1"
"1314","9676",2,3,"hab3_grp2"
"1315","97",2,NA,"habNA_grp2"
"1316","974",2,NA,"habNA_grp2"
"1317","9760",1,3,"hab3_grp1"
"1318","98",3,NA,"habNA_grp3"
"1319","9806",3,3,"hab3_grp3"
"1320","981",1,8,"hab8_grp1"
"1321","982",1,8,"hab8_grp1"
"1322","9822",2,NA,"habNA_grp2"
"1323","9856",2,NA,"habNA_grp2"
"1324","9894",1,3,"hab3_grp1"
"1325","99",2,NA,"habNA_grp2"
"1326","9911",1,NA,"habNA_grp1"
"1327","9920",1,NA,"habNA_grp1"
"1328","9948",1,3,"hab3_grp1"
"1329","995",1,1,"hab1_grp1"
"1330","9966",3,3,"hab3_grp3"
"1331","9984",1,NA,"habNA_grp1"
